"text";"created";"screenName";"retweetCount";"isRetweet";"id"
"https://t.co/nZTh1BKNtZ";2018-04-08 23:37:10;"EDBOY1001";0;FALSE;"983126638115328001"
"https://t.co/jsfeSJxxoz";2018-04-08 23:37:10;"irfanmilanist";0;FALSE;"983126638064996354"
"@fm_baby61 <U+305D><U+308C><U+308F><U+304B><U+308A><U+307E><U+3059>!!
<U+79C1><U+3082><U+89AA><U+621A><U+3001><U+53CB><U+4EBA><U+306B><U+3084><U+305F><U+3089><U+3068><U+5B50><U+4F9B><U+304C><U+591A><U+3044><U+306E><U+3067><U+88AB><U+3089><U+306A><U+3044><U+3088><U+3046><U+306B><U+3057><U+3088><U+3046><U+3068><ed><U+00A0><U+00BD><ed><U+00B2><U+00A6><U+3064><U+3044><U+3067><U+306B>Facebook<U+3067><U+95A2><U+308F><U+3063><U+3066><U+308B><U+4EBA><U+3068><U+304B><U+306E><U+5B50><U+4F9B><U+306E><U+540D><U+524D><U+3068><U+3082><U+304B><U+3076><U+3089><U+306A><U+3044><U+3088><U+3046><U+306B><U+3057><U+306A><U+3044><U+3068><U+3068><U+601D><U+3063><U+3066><U+307E><U+3059><ed><U+00A0><U+00BD><ed><U+00B8><U+00A2><U+771F><U+4F3C><U+3057><U+305F><U+3068><U+601D><U+308F><U+308C><U+305F><U+304F><U+306A><U+3044><U+3067><U+3059><U+3057>…<U+3057><U+304B><U+3057><U+3001><U+591A><U+3044><U+3068><U+5927><U+5909><U+3067><U+3059><U+306D><ed><U+00A0><U+00BD><ed><U+00B2><U+00A6>";2018-04-08 23:37:10;"Ma1ch0an1he9me";0;FALSE;"983126637641216000"
"https://t.co/OGWNxDc52S";2018-04-08 23:37:10;"FarrisGerald";0;FALSE;"983126637343576065"
"https://t.co/Bas969r8wq";2018-04-08 23:37:10;"craziieanne";0;FALSE;"983126636819374080"
"Sheryl Sandberg Says More Facebook Data Breaches Are ‘Possible’ | TODAY https://t.co/4C7q1mAju6 via @YouTube";2018-04-08 23:37:10;"uncjay1";0;FALSE;"983126636571910144"
"https://t.co/MYPeOuA1BC https://t.co/ghvQnodMh2";2018-04-08 23:37:10;"AfishionadoGS";0;FALSE;"983126636538335232"
"<ed><U+00A0><U+00BE><ed><U+00B7><U+0090><ed><U+00A0><U+00BE><ed><U+00B7><U+0090><ed><U+00A0><U+00BE><ed><U+00B7><U+0090> https://t.co/c7ef6kXrQH";2018-04-08 23:37:10;"djpelayogdl";0;FALSE;"983126636378906624"
"<U+3010><U+5B9A><U+671F><U+30DD><U+30B9><U+30C8><U+3011>Face Book<U+3084><U+3063><U+3066><U+307E><U+3059><U+3088><U+3002>https://t.co/5JNggUKODl <U+305F><U+3044><U+3057><U+305F><U+3053><U+3068><U+3084><U+3063><U+3066><U+306A><U+3044><U+3051><U+3069><U+6C17><U+304C><U+5411><U+3044><U+305F><U+3089><U+53CB><U+9054><U+306B><U+306A><U+3063><U+3066><U+304F><U+3060><U+3055><U+3044><U+306A><U+3002>";2018-04-08 23:37:10;"red_murder";0;FALSE;"983126636001247234"
"4 questions Congress must ask Facebook CEO Mark Zuckerberg https://t.co/EpMqmmXIlr https://t.co/QehetQ8ArH CNNPolitics";2018-04-08 23:37:10;"Didi_Andreundi";0;FALSE;"983126635934310400"
"RT @ManuelaDavila: Mujica lê carta a Lula . #LulaLivre https://t.co/1jiJSDBiGr";2018-04-08 23:37:10;"palas_athenada";17;TRUE;"983126635733020672"
"https://t.co/qhQECI1FCJ";2018-04-08 23:37:10;"Jdetar0912";0;FALSE;"983126635380662273"
"RT @PremierScottMoe: Words can not describe the loss that we feel tonight.

From a grieving province, thank you to first responders &amp; medic…";2018-04-08 23:37:10;"brandonbk13";1984;TRUE;"983126634994851840"
"https://t.co/0mEN4E7Ifd";2018-04-08 23:37:10;"Killed_One";0;FALSE;"983126634869022720"
"https://t.co/90Y9j6czv8";2018-04-08 23:37:09;"philbeasley";0;FALSE;"983126634613149696"
"<U+05E7><U+05D9><U+05D5><U+05DE><U+05D5> <U+05E9><U+05DC> <U+05E2><U+05DD>-<U+05D9><U+05E9><U+05E8><U+05D0><U+05DC> <U+05DB><U+05E2><U+05D3><U+05D5><U+05EA> <U+05DC><U+05E7><U+05D9><U+05D5><U+05DE><U+05D5> <U+05E9><U+05DC> <U+05D0><U+05DC><U+05D5><U+05D4><U+05D9><U+05DD> <U+05D5><U+05D4><U+05D1><U+05D8><U+05D7><U+05D5><U+05EA><U+05D9><U+05D5>

<U+05D4><U+05DE><U+05E9><U+05DA> <U+05DC><U+05D5><U+05D9><U+05D3><U+05D9><U+05D0><U+05D5> <U+05D1><U+05D0><U+05EA><U+05E8>:
https://t.co/UzesYrI9Kw
<U+05E2><U+05E7><U+05D1><U+05D5> <U+05D0><U+05D7><U+05E8><U+05D9><U+05E0><U+05D5> <U+05D1><U+05E4><U+05D9><U+05D9><U+05E1><U+05D1><U+05D5><U+05E7>… https://t.co/wDF0TxSvvf";2018-04-08 23:37:09;"Raguelshemakim";0;FALSE;"983126634357129216"
"RT @sungsikc: <U+C0BC><U+C131><U+C99D><U+AD8C><U+C740> <U+C601><U+C5C5><U+C815><U+C9C0><U+D558><U+ACE0> <U+D3ED><U+B77D><U+C0AC><U+D0DC><U+B85C> <U+C190><U+D574><U+B97C> <U+C785><U+C740> <U+C0AC><U+B78C><U+B4E4><U+C5D0><U+AC8C><U+B294> <U+C0BC><U+C131><U+C99D><U+AD8C><U+C774> <U+C190><U+D574><U+BC30><U+C0C1><U+C744> <U+D558><U+BA74> <U+B41C><U+B2E4>. https://t.co/Rv5fRFjmEe";2018-04-08 23:37:09;"kb2ki";7;TRUE;"983126634034118656"
"Indonesia Examining Whether Facebook Breached Laws on Data - Jakarta Globe https://t.co/bDuizKqeSx";2018-04-08 23:37:09;"Indonesia";0;FALSE;"983126633782661120"
"RT @5920bridge: ***DETOUR MAPS***

Many of you have asked for a detour map. If you must travel in this area, expect significant delays in a…";2018-04-08 23:37:09;"steelcitysm";1;TRUE;"983126633715589120"
"Megapolis https://t.co/kYSVe1C917";2018-04-08 23:37:09;"musicapentatoni";0;FALSE;"983126633346367488"
"https://t.co/xLWDUunJ5H";2018-04-08 23:37:09;"LuisMedinaAnz";0;FALSE;"983126633212252160"
"https://t.co/QZVKSZnhEn";2018-04-08 23:37:09;"PEDAL_Bike_Shop";0;FALSE;"983126632977268736"
"https://t.co/r7yCsoXqCw";2018-04-08 23:37:09;"talias30";0;FALSE;"983126632713072640"
"https://t.co/8KQ8ovuRUC";2018-04-08 23:37:09;"Arya_Dwer";0;FALSE;"983126632650235904"
"RT @g1: Moradora de Guarulhos, na Grande São Paulo, cria grupo 'Veganos Pobres' para troca de receitas no Facebook https://t.co/H0Y1sYw9ls…";2018-04-08 23:37:09;"Thami_G3PG";178;TRUE;"983126632616660992"
"Ecco il commercio della carne di cane in #SudCorea <U+2757>VIDEO<U+2757>Asta Illegale #StopKoreanCruelty https://t.co/LEy8SdS4Sv https://t.co/RQxvbwk6H5";2018-04-08 23:37:09;"shishnfips";0;FALSE;"983126632591511552"
"RT @GloriaAlvarez85: Por Primera vez, una Guatemalteca <ed><U+00A0><U+00BC><ed><U+00B7><U+00AC><ed><U+00A0><U+00BC><ed><U+00B7><U+00B9> hablará en el Parlamento de la Unión Europea European Union <ed><U+00A0><U+00BC><ed><U+00B7><U+00AA><ed><U+00A0><U+00BC><ed><U+00B7><U+00BA> en defensa del lib…";2018-04-08 23:37:09;"ggh0794";144;TRUE;"983126632121733121"
"https://t.co/QZui0Zssv9";2018-04-08 23:37:09;"caccarvalho1";0;FALSE;"983126632079790082"
"https://t.co/O4MrKRBwGm";2018-04-08 23:37:09;"estefanitayna";0;FALSE;"983126631924551681"
"RT @rolandsmartin: Who else is watching @Oprah’s @60Minutes piece, “The Legacy of Lynching,” with Bryan Stevenson &amp; @eji_org? White America…";2018-04-08 23:37:09;"RBurt29";15;TRUE;"983126631685525504"
"I can't even handle how cute...... https://t.co/BJPmybA6Ky https://t.co/zab4GmCwod";2018-04-08 23:37:09;"elainajanes";0;FALSE;"983126631173636096"
"Yes indeed wait upon the Lord you will mount up with wings of an eagle https://t.co/NGdt3pbq2x";2018-04-08 23:37:09;"intimacywchrist";0;FALSE;"983126630896893954"
"RT @MoniAveVital: Esto me encanta !!!! Muevanse jovenes no dejen que los adultos sigamos decidiendo por ustedes, miren los desastres que he…";2018-04-08 23:37:09;"jacqueskerguel";1;TRUE;"983126630653710336"
"How and why Younique began! <ed><U+00A0><U+00BD><ed><U+00B2><U+009C><ed><U+00A0><U+00BD><ed><U+00B2><U+009C><ed><U+00A0><U+00BD><ed><U+00B2><U+009C> I started because I found an incredible mascara but quickly realized it was SO much… https://t.co/g5KJSMMTxe";2018-04-08 23:37:09;"mrsblingythings";0;FALSE;"983126630636949504"
"https://t.co/TEIzq9r63C";2018-04-08 23:37:08;"neonizam";0;FALSE;"983126630456549376"
"https://t.co/SHyUDmLQJt";2018-04-08 23:37:08;"najib_saedi";0;FALSE;"983126630418845697"
"<ed><U+00A0><U+00BD><ed><U+00B8><U+0082> https://t.co/IcbzJmP3hy";2018-04-08 23:37:08;"foddac";0;FALSE;"983126630192336896"
"ICYMI: Catch up on Rob Acosta’s interview on yesterday’s @kickthis show. Watch the show on Facebook here:… https://t.co/0BaY4pgmPE";2018-04-08 23:37:08;"stlouisambush";0;FALSE;"983126630037180416"
"@janwilmans @GVerbaan @arjenlubach @zml https://t.co/tkNeBRiTAp";2018-04-08 23:37:08;"MeIdaBeSocial";0;FALSE;"983126629840023553"
"https://t.co/ZOS5e3RVaY";2018-04-08 23:37:08;"revbuenviaje";0;FALSE;"983126629580005379"
"RT @MadMoneyOnCNBC: Shark Tank's @RobertHerjavec is all too familiar with information warfare, and he's sounding the alarm https://t.co/dLV…";2018-04-08 23:37:08;"jmpimentelr";4;TRUE;"983126629563199488"
"RT @foxandfriends: When we signed up with Facebook they didn't say this platform was only for liberal views -@DiamondandSilk slam Faceboo…";2018-04-08 23:37:08;"Ticaddict";2415;TRUE;"983126629315694593"
"Evita que Facebook te espíe sin tener que eliminar tu cuenta https://t.co/m2oy3UPvgb";2018-04-08 23:37:08;"LuciaFaeth";0;FALSE;"983126628598538241"
"https://t.co/gq1Jt0J3nE";2018-04-08 23:37:08;"ReeskiFrmFeb";0;FALSE;"983126628497809408"
"RT @TIMENOUT: THIS IS THE OLD KU KLUX KLAN  DEMOCRATS PARTY SURFACING AND LOOK TELLING 2 WOMEN TO SHUT UP AND 2 BLACK WOMEN SHUT UP WE CONT…";2018-04-08 23:37:08;"angeladietrich1";47;TRUE;"983126628200001537"
"https://t.co/zf8bs8T22H";2018-04-08 23:37:08;"VrgasLuis_";0;FALSE;"983126628183273472"
"‘You Are the Product’: Targeted by Cambridge Analytica on Facebook https://t.co/Kiiuc2o0PP";2018-04-08 23:37:08;"A0Ih8gIX3vrLpCs";0;FALSE;"983126627596013568"
"<U+0E44><U+0E2E><U+0E44><U+0E25><U+0E17><U+0E4C> <U+0E25><U+0E32><U+0E25><U+0E35><U+0E01><U+0E32><U+0E2A><U+0E40><U+0E1B><U+0E19> <U+0E1A><U+0E32><U+0E40><U+0E25><U+0E19><U+0E40><U+0E0B><U+0E35><U+0E22> VS <U+0E40><U+0E2D><U+0E2A><U+0E1B><U+0E31><U+0E19><U+0E0D><U+0E48><U+0E2D><U+0E25>
------------------
<U+0E44><U+0E21><U+0E48><U+0E1E><U+0E25><U+0E32><U+0E14><U+0E0A><U+0E21><U+0E04><U+0E39><U+0E48><U+0E2D><U+0E37><U+0E48><U+0E19><U+0E46> <U+0E01><U+0E14><U+0E15><U+0E34><U+0E14><U+0E14><U+0E32><U+0E27><U+0E2B><U+0E23><U+0E37><U+0E2D><U+0E01><U+0E14><U+0E40><U+0E2B><U+0E47><U+0E19><U+0E42><U+0E1E><U+0E2A><U+0E15><U+0E4C><U+0E01><U+0E48><U+0E2D><U+0E19> <U+0E44><U+0E27><U+0E49><U+0E40><U+0E25><U+0E22><U+0E08>… https://t.co/kAm4Cy3gAE";2018-04-08 23:37:08;"premier_england";0;FALSE;"983126627440771072"
"RT @d1gi: CubeYou, a reseller of academic FB user data (Apply Magic Sauce) was suspended from Facebook *after CNBC showed them the quizzes*…";2018-04-08 23:37:08;"ReSistersofSOC";136;TRUE;"983126627411484672"
"https://t.co/wVBpEIOQ42";2018-04-08 23:37:08;"makidiaz";0;FALSE;"983126627398938625"
"Siga a página do blog no facebook e receba as novidades...

https://t.co/Fk0B5rWGxa https://t.co/1Q94k9eKxq";2018-04-08 23:37:08;"gabriel_aquino";0;FALSE;"983126627289673728"
"US Government Confirms Unauthorized Cell Phone Surveillance in Washington - ExtremeTech https://t.co/L1HU9xqYNT";2018-04-08 23:37:08;"Scarface174";0;FALSE;"983126627247886336"
"Miranda just got a 1st Place BINGO! https://t.co/EHzAlJhNJn";2018-04-08 23:37:08;"mirandabroos";0;FALSE;"983126626706714624"
"https://t.co/60keewH2L7";2018-04-08 23:37:08;"biel_valle";0;FALSE;"983126626627092482"
"https://t.co/V1o0wLrs5y";2018-04-08 23:37:08;"joaofortesgroup";0;FALSE;"983126626522357760"
"https://t.co/3INctFge4q";2018-04-08 23:37:07;"roch_labelle";0;FALSE;"983126626262241282"
"https://t.co/7OZo4ZenX8";2018-04-08 23:37:07;"carlo_sierra";0;FALSE;"983126626102751232"
"https://t.co/k56nJTC1hn";2018-04-08 23:37:07;"itsLykaAnne";0;FALSE;"983126626052558851"
"https://t.co/UJLPGqGt1c";2018-04-08 23:37:07;"WinterParkMark";0;FALSE;"983126625477955584"
"Soooo. Ppl in my Facebook feed from home (county of Yarmouth) are PUMPED about this poster. 
@andrewsotired :”what… https://t.co/cWGsWP5KRX";2018-04-08 23:37:07;"Eco_Yogini";0;FALSE;"983126625234628609"
"Brittany Sullivan-Ott https://t.co/Pwq7PjqZXO";2018-04-08 23:37:07;"debbiedoege";0;FALSE;"983126624819441664"
"https://t.co/4YtKJOIWjZ";2018-04-08 23:37:07;"NeverForgetMeFB";0;FALSE;"983126624513155072"
"https://t.co/3TDgYSekJH";2018-04-08 23:37:07;"carlosjgarciab";0;FALSE;"983126624345448449"
"RT @Uriah_95: Bruh I seen this shit on facebook I’m deadass crying rn <ed><U+00A0><U+00BD><ed><U+00B8><U+0082><ed><U+00A0><U+00BD><ed><U+00B8><U+0082><ed><U+00A0><U+00BD><ed><U+00B8><U+0082><ed><U+00A0><U+00BD><ed><U+00B2><U+0080> https://t.co/N6NneLT1Ea";2018-04-08 23:37:07;"nadialyssam";16890;TRUE;"983126623879774209"
"Los riesgos que implica poner nuestro número telefónico en Facebook https://t.co/P1BadtRnrL";2018-04-08 23:37:07;"DebesLeerlo";0;FALSE;"983126623829577729"
"https://t.co/Tac6qnK48l";2018-04-08 23:37:07;"dvnprt80";0;FALSE;"983126623817027584"
"https://t.co/rMSupj8yn8";2018-04-08 23:37:07;"ItsCammmi";0;FALSE;"983126623632416769"
"Di ka daw lomi, wag kang pa-special. HAHAHAHAHAHAHA https://t.co/UOIwU8o7Ma";2018-04-08 23:37:07;"Joana_Cantos";0;FALSE;"983126623510642688"
"RT @Palitarea: <U+0E1E><U+0E35><U+0E48><U+0E19><U+0E34><U+0E04>: Angel <U+0E43><U+0E19><U+0E04><U+0E27><U+0E32><U+0E21><U+0E2B><U+0E21><U+0E32><U+0E22><U+0E02><U+0E2D><U+0E07><U+0E01><U+0E32><U+0E23><U+0E17><U+0E33><U+0E18><U+0E38><U+0E23><U+0E01><U+0E34><U+0E08><U+0E04><U+0E37><U+0E2D><U+0E1C><U+0E39><U+0E49><U+0E0B><U+0E31><U+0E1E><U+0E1E><U+0E2D><U+0E23><U+0E4C><U+0E15> <U+0E1E><U+0E27><U+0E01> Start up <U+0E40><U+0E04><U+0E49><U+0E32><U+0E2D><U+0E22><U+0E32><U+0E01><U+0E44><U+0E14><U+0E49> 
Angle <U+0E21><U+0E32><U+0E01><U+0E40><U+0E25><U+0E22> <U+0E04><U+0E37><U+0E2D><U+0E19><U+0E31><U+0E01><U+0E25><U+0E07><U+0E17><U+0E38><U+0E19><U+0E17><U+0E35><U+0E48><U+0E21><U+0E32><U+0E0A><U+0E48><U+0E27><U+0E22><U+0E04><U+0E19><U+0E17><U+0E35><U+0E48><U+0E17><U+0E33><U+0E40><U+0E23><U+0E37><U+0E48><U+0E2D>…";2018-04-08 23:37:07;"linbukky";1736;TRUE;"983126623242219521"
"todo un éxito!! ya estaremos anunciando la próxima “La Parada”<ed><U+00A0><U+00BD><ed><U+00B4><U+00A5><ed><U+00A0><U+00BD><ed><U+00B4><U+00A5><ed><U+00A0><U+00BD><ed><U+00B4><U+00A5><ed><U+00A0><U+00BD><ed><U+00B4><U+00A5><ed><U+00A0><U+00BD><ed><U+00B4><U+00A5> https://t.co/dTLG1uJHcn";2018-04-08 23:37:07;"Jmc_taborga";0;FALSE;"983126623120699392"
"RT @Fulcrum__News: Dummies in a cult: it's hopeless.

At this point, do you want one lifetime sentence in Gitmo, or two? LOL.

Millions rea…";2018-04-08 23:37:07;"Teresacregan2";56;TRUE;"983126623108071425"
"RT @ManuelaDavila: Mujica lê carta a Lula . #LulaLivre https://t.co/1jiJSDBiGr";2018-04-08 23:37:07;"rafaelmartelo";17;TRUE;"983126622407622657"
"SHOUT OUTS to Crystal Waddel and Lucia Tinoco teams rolling out Meeting in a Bucket Crispy Colonel training.  Wadde… https://t.co/FatlkvF5CZ";2018-04-08 23:37:06;"KBPFoods";0;FALSE;"983126621669478400"
"@News18India https://t.co/L1ZrZgx6d2
Why this shit fake news you are spreading bastards?
Is it your responsibility?… https://t.co/CQDEtw1XN1";2018-04-08 23:37:06;"iamazaz";0;FALSE;"983126621585657860"
"https://t.co/9OC33IZinf";2018-04-08 23:37:06;"Lalig21";0;FALSE;"983126621514358784"
"RT @lipadelrey: 47. eu nunca falei mal da povo da rede social ao lado (facebook)";2018-04-08 23:37:06;"twiceslove";607;TRUE;"983126621422063616"
"https://t.co/K6xJeHg3gW";2018-04-08 23:37:06;"CalveJulian";0;FALSE;"983126621413609472"
"https://t.co/mM0GA0VCvv";2018-04-08 23:37:06;"JFAcabnelson";0;FALSE;"983126621174620160"
"RT @amponce: It's a sad day when a tool like this becomes the standard for protecting yourself from a company like @facebook 

https://t.co…";2018-04-08 23:37:06;"ocmqxbduh2984";1933;TRUE;"983126621002584065"
"https://t.co/Xieaelwzi6";2018-04-08 23:37:06;"temtem3000";0;FALSE;"983126620818104320"
"RT @dogsbite: Woman yelling at #pitbullowner friends A former customer of mine was attacked and had her arm broken last week by a pit bull…";2018-04-08 23:37:06;"fishcrow";1;TRUE;"983126620360904704"
"RT @RealJamesWoods: While #Facebook makes it extremely difficult to get their parasitic tendrils out of your life, it is possible to do it.…";2018-04-08 23:37:06;"mike30683225";1259;TRUE;"983126620348338176"
"https://t.co/YUPnCjEyyV";2018-04-08 23:37:06;"contcavalcante";0;FALSE;"983126620323139584"
"I posted a new video to Facebook https://t.co/bkMVFb9OzO";2018-04-08 23:37:06;"ani5sosLH37";0;FALSE;"983126620239167489"
"https://t.co/CvT7eAS9q5";2018-04-08 23:37:06;"TOP_POET";0;FALSE;"983126620230832128"
"Bem eu <ed><U+00A0><U+00BD><ed><U+00B8><U+0085><ed><U+00A0><U+00BD><ed><U+00B8><U+0085><ed><U+00A0><U+00BD><ed><U+00B8><U+0085><ed><U+00A0><U+00BD><ed><U+00B8><U+0085><ed><U+00A0><U+00BD><ed><U+00B8><U+0085><ed><U+00A0><U+00BD><ed><U+00B8><U+0085> https://t.co/nseRYFsPtY";2018-04-08 23:37:06;"fernandaelayane";0;FALSE;"983126620209807361"
"#MITO #SomosCruzeiro https://t.co/cf5MQyZjYI";2018-04-08 23:37:06;"KaueNicolas_99";0;FALSE;"983126620042137601"
"<U+98A8><U+306B><U+5439><U+304B><U+308C><U+308B>
#LINDAhan https://t.co/oUOrwvDTYl";2018-04-08 23:37:06;"LINDAhaaaaaan";0;FALSE;"983126619907817472"
"RT @5920bridge: ****ALERT ****      Birmingham Traffic

I-59 southbound at I-65 will remain CLOSED through atleast Wednesday, April 11th.…";2018-04-08 23:37:06;"steelcitysm";5;TRUE;"983126619828178944"
"RT @SparkleSoup45: Sooo...this hearing will be totally legit. <ed><U+00A0><U+00BD><ed><U+00B1><U+008C>

Facebook Gave Money To 85% Of House Committee “Questioning” Zuckerberg Nex…";2018-04-08 23:37:06;"meshieler53";1057;TRUE;"983126619773583360"
"RT @wyrm06: <U+5357><U+30A4><U+30F3><U+30C9><U+306E><U+30EA><U+30BA><U+30E0><U+8A00><U+8449><U+300C><U+30B3><U+30CA><U+30C3><U+30B3><U+30EB> konnakol<U+300D><U+3092><U+30C9><U+30E9><U+30E0><U+306B><U+7FFB><U+8A33><U+3057><U+305F><U+52D5><U+753B><U+3002><U+30B3><U+30E1><U+30F3><U+30C8><U+306B><U+3082><U+66F8><U+304B><U+308C><U+3066><U+3044><U+305F><U+3093><U+3067><U+3059><U+304C><U+3001><U+3053><U+306E><U+30C9><U+30E9><U+30DE><U+30FC><U+306E><U+65B9><U+306F><U+30B3><U+30CA><U+30C3><U+30B3><U+30EB><U+3092><U+7406><U+89E3><U+3057><U+305F><U+4E0A><U+3067><U+30A2><U+30EC><U+30F3><U+30B8><U+3092><U+52A0><U+3048><U+3066><U+3044><U+3066><U+3001><U+51C4><U+304F><U+8074><U+304D><U+3084><U+3059><U+3044><U+3067><U+3059><U+3002><U+3061><U+306A><U+307F><U+306B><U+3053><U+306E><U+62CD><U+5B50><U+306F>Mishra Chapu<U+3068><U+3044><U+3044><U+307E><U+3059><U+3001><U+65E9><U+3044>7…";2018-04-08 23:37:06;"exvsyamagata";969;TRUE;"983126619765194752"
"Can not waitWest Side Story...... https://t.co/fmAX3liuJc";2018-04-08 23:37:06;"texcastle";0;FALSE;"983126619744296961"
"RT @NicolleDWallace: This is incredible. The audacity of Facebook is shocking: ‘You Are the Product’: Targeted by Cambridge Analytica on Fa…";2018-04-08 23:37:06;"Rocket4410";181;TRUE;"983126619622486019"
"Retweeted Venceremos! (@soldadode16):

@kb_ql22 @edalge @yorleth27 @aliprisusa @Alinarubio30 @aliriocantillo… https://t.co/ZjBcGX54PY";2018-04-08 23:37:06;"MrMarkoanto";0;FALSE;"983126619173900288"
"I posted a new video to Facebook https://t.co/7qnksr8Uo5";2018-04-08 23:37:06;"claudioevans";0;FALSE;"983126619035332609"
"https://t.co/PXDyv2pg7U";2018-04-08 23:37:06;"YeezuzD";0;FALSE;"983126618393776128"
"RT @SparkleSoup45: Sooo...this hearing will be totally legit. <ed><U+00A0><U+00BD><ed><U+00B1><U+008C>

Facebook Gave Money To 85% Of House Committee “Questioning” Zuckerberg Nex…";2018-04-08 23:37:06;"_fu_ckliberals_";1057;TRUE;"983126618259542017"
"https://t.co/curc6aFoIN";2018-04-08 23:37:05;"Radha_R17";0;FALSE;"983126617634455553"
"RT @JaimeDuarte: ¡Hoy celebramos con gran alegría en toda la Iglesia Católica la fiesta de la Divina Misericordia!

¿Sabías que puedes obte…";2018-04-08 23:37:05;"marthaliliah";6;TRUE;"983126617332637696"
"RT @RealJamesWoods: I predict that @facebook will be studied in future business schools as the single greatest business catastrophe in Amer…";2018-04-08 23:37:05;"sbonard_shirley";5242;TRUE;"983126617022255106"
"RT @AgoraNewsBr: Zanin o advogado do Lula esteve com ele hoje, em mais uma moleza ao condenado, e disse:

 “Eu estive agora com o ex-presid…";2018-04-08 23:37:05;"carlosasilverio";2;TRUE;"983126616514727936"
"VIDEO DE LA LLEGADA  DE LOS SECUESTRADOS QUE FUERON LIBERADOS POR EL GRAN EJERCITO SIRIO https://t.co/1p4gEp4sX1";2018-04-08 23:37:05;"SiriaResiste";0;FALSE;"983126616304955392"
"https://t.co/qn5blK86Wo";2018-04-08 23:37:05;"AAA_COIN_ICO";0;FALSE;"983126616183312384"
"https://t.co/GcHFaZ1tO8";2018-04-08 23:37:05;"arkind1979";0;FALSE;"983126615801585664"
"https://t.co/UdMcDiQlOk https://t.co/Qzjlp2BIrE";2018-04-08 23:37:05;"RaunielVillalon";0;FALSE;"983126615763795970"
"RT @gran_fondoLH: It’s day 2 of the Port Elgin Rotary Home and Recreation Show at the Southampton Coliseum, on until 4pm. Visit the Gran Fo…";2018-04-08 23:37:05;"Fitzdog";4;TRUE;"983126615751356416"
"True... https://t.co/k1uTfPKdP5";2018-04-08 23:37:05;"fermijora";0;FALSE;"983126615696830464"
"RT @foxandfriends: When we signed up with Facebook they didn't say this platform was only for liberal views -@DiamondandSilk slam Faceboo…";2018-04-08 23:37:05;"vbeezs";2415;TRUE;"983126615642247168"
"RT @nytimes: A Tough Task for Facebook: European-Type Privacy for All https://t.co/fWLrndUdXa";2018-04-08 23:37:05;"liberaeforte";28;TRUE;"983126615638061057"
"https://t.co/xiMeU1ww2x";2018-04-08 23:37:05;"Cotyriverplate";0;FALSE;"983126615596109824"
"RT @PaulPlamondon: 10 bonnes raisons de s'intéresser à la politique. Tel qu'annoncé dans ma vidéo de Rocky, voici la 1ère d'une série de 10…";2018-04-08 23:37:05;"micbonenfant";17;TRUE;"983126615549992960"
"https://t.co/D1BJZhEXZf";2018-04-08 23:37:05;"Lucy_fer83";0;FALSE;"983126615361191937"
"https://t.co/6f4AZ6Y0jv";2018-04-08 23:37:05;"robsoncd3";0;FALSE;"983126615310954497"
"https://t.co/LfIcu8mkXj";2018-04-08 23:37:05;"taia_tm";0;FALSE;"983126615252242432"
"RT @SoutheasternSGA: Election week has finally arrived! Tomorrow we will be holding an election debate for the candidates. If you can’t mak…";2018-04-08 23:37:05;"oursoutheastern";2;TRUE;"983126615222833152"
"https://t.co/3m5Hct9v5p";2018-04-08 23:37:05;"razurivale";0;FALSE;"983126615189319683"
"A Tough Task for Facebook: European-Type Privacy for All https://t.co/B2dCyzdpyk";2018-04-08 23:37:05;"dGHht71qYkzBrb2";0;FALSE;"983126614950268928"
"https://t.co/MTvFJiGRd2";2018-04-08 23:37:05;"a_vinagre";0;FALSE;"983126614920912896"
"RT @MidiaNINJA: #AoVivo Acampamento Lula Livre mantém resistência na porta da superintendência da Polícia Federal em Curitiba. https://t.co…";2018-04-08 23:37:05;"MaiconSaviato";68;TRUE;"983126614753017857"
"https://t.co/y9nxKqPLC7";2018-04-08 23:37:05;"Valuom";0;FALSE;"983126614174322688"
"https://t.co/GVFcJWoKgS";2018-04-08 23:37:05;"starwalker2012";0;FALSE;"983126614157377537"
"RT @FinancialTimes: Facebook suspends another data analytics firm https://t.co/u2sNu07XjB";2018-04-08 23:37:05;"LlareggubHall";5;TRUE;"983126614040039425"
"RT @foxandfriends: When we signed up with Facebook they didn't say this platform was only for liberal views -@DiamondandSilk slam Faceboo…";2018-04-08 23:37:05;"mamaclaudio";2415;TRUE;"983126614006468608"
"https://t.co/p8ak8OTnBi";2018-04-08 23:37:04;"newboytellem";0;FALSE;"983126613645815808"
"Oh no corre perrito corre <U+2764><ed><U+00A0><U+00BD><ed><U+00B0><U+0095><ed><U+00A0><U+00BD><ed><U+00B8><U+00B0><ed><U+00A0><U+00BD><ed><U+00B8><U+0082> https://t.co/idWsr9CEz5";2018-04-08 23:37:04;"YoSoyYany";0;FALSE;"983126613578715136"
"Anchor to Jesus today! 
He’s the burden-bearer. https://t.co/2uEHr0qvD2";2018-04-08 23:37:04;"JeremyWakefield";0;FALSE;"983126613524070400"
"https://t.co/Z9TmpuwYPg";2018-04-08 23:37:04;"BilliSobel";0;FALSE;"983126613197033472"
"I posted a new video to Facebook https://t.co/TgnXP0j9Lu";2018-04-08 23:37:04;"WorPeckeer";0;FALSE;"983126613163499520"
"Aqui podeis ver las diferentes estaciones de una sesión de fuerza de nuestro equipo femenino <ed><U+00A0><U+00BD><ed><U+00B1><U+00B1><U+200D><U+2640><ed><U+00A0><U+00BD><ed><U+00B2><U+00AA> https://t.co/Wi7iKNXdAB";2018-04-08 23:37:04;"agustin_lleida";0;FALSE;"983126612949553152"
"https://t.co/1SNlDkiSx9";2018-04-08 23:37:04;"clevejnr";0;FALSE;"983126612932673537"
"https://t.co/QtYYy0AESU";2018-04-08 23:37:04;"BurmSeon";0;FALSE;"983126612869656576"
"Sheryl Sandberg Admits Facebook Slow to Address Privacy Concerns https://t.co/gdOukKTHJN";2018-04-08 23:37:04;"vnuek";0;FALSE;"983126612794277889"
"RT @dbongino: I’m sitting out @Facebook this week &amp; I will not be posting in protest of their continued censorship. Yep, it’s a small prote…";2018-04-08 23:37:04;"jerseygirl100_";1768;TRUE;"983126612622364672"
"https://t.co/bgyS4kfkjF";2018-04-08 23:37:04;"SwimAddict37";0;FALSE;"983126612471369728"
"Keep um coming PTAG Community! https://t.co/s2qTGZFvz1";2018-04-08 23:37:04;"PTAGlobal";0;FALSE;"983126612236529664"
"RT @mkhumaini: Data Facebook Bocor Bukti Lemahnya Kedaulatan Siber RI

#2019GantiPresiden
https://t.co/bwhZ1koQpG";2018-04-08 23:37:04;"yan_tanuwidjaya";11;TRUE;"983126612144082944"
"RT @wyrm06: <U+5357><U+30A4><U+30F3><U+30C9><U+306E><U+30EA><U+30BA><U+30E0><U+8A00><U+8449><U+300C><U+30B3><U+30CA><U+30C3><U+30B3><U+30EB> konnakol<U+300D><U+3092><U+30C9><U+30E9><U+30E0><U+306B><U+7FFB><U+8A33><U+3057><U+305F><U+52D5><U+753B><U+3002><U+30B3><U+30E1><U+30F3><U+30C8><U+306B><U+3082><U+66F8><U+304B><U+308C><U+3066><U+3044><U+305F><U+3093><U+3067><U+3059><U+304C><U+3001><U+3053><U+306E><U+30C9><U+30E9><U+30DE><U+30FC><U+306E><U+65B9><U+306F><U+30B3><U+30CA><U+30C3><U+30B3><U+30EB><U+3092><U+7406><U+89E3><U+3057><U+305F><U+4E0A><U+3067><U+30A2><U+30EC><U+30F3><U+30B8><U+3092><U+52A0><U+3048><U+3066><U+3044><U+3066><U+3001><U+51C4><U+304F><U+8074><U+304D><U+3084><U+3059><U+3044><U+3067><U+3059><U+3002><U+3061><U+306A><U+307F><U+306B><U+3053><U+306E><U+62CD><U+5B50><U+306F>Mishra Chapu<U+3068><U+3044><U+3044><U+307E><U+3059><U+3001><U+65E9><U+3044>7…";2018-04-08 23:37:04;"End_or_Fine";969;TRUE;"983126612076998656"
"https://t.co/sxiOUj9jUS";2018-04-08 23:37:04;"afiadialoo";0;FALSE;"983126611942920194"
"RT @fifaworldcup_es: ¡ Se busca ! <ed><U+00A0><U+00BD><ed><U+00B5><U+00B5><U+FE0F>
El mejor gol marcado en la
historia de la Copa Mundial <U+26BD><U+FE0F>

¡La Final!

<ed><U+00A0><U+00BC><ed><U+00B7><U+00B2><ed><U+00A0><U+00BC><ed><U+00B7><U+00BD> @manuelnegrete22 vs
<ed><U+00A0><U+00BC><ed><U+00B7><U+00A7><ed><U+00A0><U+00BC><ed><U+00B7><U+00B7> Éder…";2018-04-08 23:37:04;"RicardoSantan29";9;TRUE;"983126611578048512"
"Facebook plans to let everyone unsend messages, will stop Zuckerberg until then - https://t.co/98qEpYmWx7 https://t.co/tJ0i7ukRBH";2018-04-08 23:37:04;"DailyScene";0;FALSE;"983126611540275200"
"https://t.co/nZa9K6gVtN";2018-04-08 23:37:04;"MrsRed_Bone17";0;FALSE;"983126611284422656"
"https://t.co/rO8jovIoZF";2018-04-08 23:37:04;"mdizone";0;FALSE;"983126610655236096"
"https://t.co/Xj2HDaeUVf";2018-04-08 23:37:04;"SecurityMgmt";0;FALSE;"983126610646888449"
"Para colaborar en socorrer a la ballena , deben presentarse a las 6,30 en el balneario 15 de Punta Mogotes. Se nece… https://t.co/LRMRP7KYsJ";2018-04-08 23:37:04;"miradacomun";0;FALSE;"983126610219069440"
"RT @RealJamesWoods: I predict that @facebook will be studied in future business schools as the single greatest business catastrophe in Amer…";2018-04-08 23:37:04;"CCG1010";5242;TRUE;"983126610063831042"
"https://t.co/fccTj8na7H";2018-04-08 23:37:04;"Aziz_Pinokiyo";0;FALSE;"983126609879236608"
"Tonight! https://t.co/oRFr3BuJR1";2018-04-08 23:37:03;"VDjChrisForde";0;FALSE;"983126609292128257"
"https://t.co/uVnV9VihSA";2018-04-08 23:37:03;"negao1nigga";0;FALSE;"983126608948019200"
"https://t.co/thzsKKA64n";2018-04-08 23:37:03;"Pushforamiracle";0;FALSE;"983126608792997890"
"<U+884C><U+653F><U+66F8><U+58EB><U+30D5><U+30A7><U+30A4><U+30B9><U+30D6><U+30C3><U+30AF><U+30CA><U+30D3><U+3067><U+3059><U+3002><U+8328><U+57CE><U+5730><U+57DF><U+306E><U+884C><U+653F><U+66F8><U+58EB><U+4E8B><U+52D9><U+6240><U+306E>facebook<U+30DA><U+30FC><U+30B8><U+3067><U+3059><U+3002>https://t.co/3e6RihDCes <U+907A><U+8A00>·<U+76F8><U+7D9A><U+554F><U+984C>";2018-04-08 23:37:03;"souzoku3";0;FALSE;"983126608738308097"
"https://t.co/I6hltqSYyu";2018-04-08 23:37:03;"jinxi_2";0;FALSE;"983126608536944641"
"https://t.co/f1rYAtHWXR";2018-04-08 23:37:03;"micontabilidad";0;FALSE;"983126608491008000"
"RT @SlySonic: Someone found the Sega World statue in a junkyard! Hoping someone restores it. Picture original source: Facebook group Aussi…";2018-04-08 23:37:03;"Kirashura";75;TRUE;"983126608323186688"
"RT @MFEXO_THSUB: <ed><U+00A0><U+00BD><ed><U+00B3><U+008C><U+0E23><U+0E27><U+0E21><U+0E25><U+0E34><U+0E49><U+0E07><U+0E04><U+0E4C><U+0E0B><U+0E31><U+0E1A><U+0E44><U+0E17><U+0E22> Spring has come <U+0E1A><U+0E49><U+0E32><U+0E19> MFEXOTHSUB #MFTHSUB <ed><U+00A0><U+00BD><ed><U+00B3><U+008C>  
<U+0E15><U+0E2D><U+0E19><U+0E17><U+0E35><U+0E48> 1 https://t.co/lZnzbgdUrE
<U+0E15><U+0E2D><U+0E19><U+0E17><U+0E35><U+0E48> 2 https://t.co/VAIVJ…";2018-04-08 23:37:03;"KWannasit";3112;TRUE;"983126608314712066"
"RT @doubutukyushutu: #<U+62E1><U+6563><U+5E0C><U+671B>
#<U+9AD8><U+77E5> #<U+72AC> #<U+91CC><U+89AA><U+52DF><U+96C6>
<U+25CF>4/10(<U+706B>)AM8:30~ #<U+6BBA><U+51E6><U+5206> <U+306E><U+5B50>
<U+5927><U+4EBA><U+3057><U+304F><U+3069><U+3063><U+3057><U+308A><U+3057><U+305F><U+7537><U+306E><U+5B50> <U+4E2D>~<U+9AD8><U+9F62>
<U+98FC><U+3044><U+4E3B><U+3055><U+3093>!<U+304A><U+5FC3><U+3042><U+305F><U+308A><U+6709><U+308B><U+65B9>! #<U+91CC><U+89AA> <U+5E0C><U+671B><U+306E><U+65B9><U+306E><U+307F>
<U+8A18><U+4E8B><U+5185><U+8A18><U+8F09><U+306E><U+9023><U+7D61><U+5148><U+307E><U+3067>!
https://t.co/lmY…";2018-04-08 23:37:03;"sippomagari";4;TRUE;"983126608276930560"
"RT @ioTSC: @idamaria_pacino @MARVEL_NETWORKS #idampan #idaTELL #Marvel #IndioPerez #RDJ #RobertIger #Disney #idaBond #LOVE #DALI #idaDali h…";2018-04-08 23:37:03;"ioTSC";13;TRUE;"983126608163651585"
"I posted a new video to Facebook https://t.co/LzkLE4NtmZ";2018-04-08 23:37:03;"ibfrd";0;FALSE;"983126607958368256"
"RT @AlanPThompson70: Sunderland Keyside Sunset @nationaltrust @SunderlandUK @VisitEngland @StormHour @Englands_NE @EnglishHeritage @Great_N…";2018-04-08 23:37:03;"tweatirs";2;TRUE;"983126607761207296"
"https://t.co/2KnwJVOWbs";2018-04-08 23:37:03;"nicholas2109";0;FALSE;"983126607614431232"
"https://t.co/uNEEafFBY4";2018-04-08 23:37:03;"Multimed_System";0;FALSE;"983126607526318080"
"https://t.co/jtCQQI47aZ";2018-04-08 23:37:03;"doorphoto";0;FALSE;"983126607450791936"
"https://t.co/EZWigrTJTN";2018-04-08 23:37:03;"_denisseQ";0;FALSE;"983126607165444096"
"https://t.co/YKdSau2stB";2018-04-08 23:37:03;"Raphael_Madruga";0;FALSE;"983126607056572416"
"RT @mhonividente: ARIES. Semana de estar con planes de cambiar de actitud y poner más energía positiva a tus ideas o proyectos para tu futu…";2018-04-08 23:37:03;"Dianakaren_";7;TRUE;"983126606871801856"
"https://t.co/SEF1izD3tF";2018-04-08 23:37:03;"paula_rissi";0;FALSE;"983126606830071808"
"https://t.co/0AzdC91772";2018-04-08 23:37:03;"masterrolando";0;FALSE;"983126606666522624"
"https://t.co/dmzirSSPRu";2018-04-08 23:37:03;"disasterMOM1";0;FALSE;"983126606616190976"
"RT @RealJamesWoods: I predict that @facebook will be studied in future business schools as the single greatest business catastrophe in Amer…";2018-04-08 23:37:03;"ani_marie4";5242;TRUE;"983126606540623872"
"https://t.co/9kTq4VdoZs";2018-04-08 23:37:03;"LaDescargaJP";0;FALSE;"983126606511333376"
"https://t.co/onEg61lMF7";2018-04-08 23:37:03;"sunnykalsi01";0;FALSE;"983126606402158592"
"https://t.co/NXzUnzIbLF";2018-04-08 23:37:03;"Dany_Hada";0;FALSE;"983126606360252417"
"@POTUS https://t.co/Qxm1QcvB0g";2018-04-08 23:37:03;"peonytiger";0;FALSE;"983126606347567104"
"<U+7A3C><U+3044><U+3067><U+3044><U+308B><U+4EBA><U+306E><U+601D><U+8003><U+3063><U+3066><U+3001><U+3082><U+3063><U+3068><U+96E3><U+3057><U+3044><U+3068><U+601D><U+3063><U+3066><U+3044><U+307E><U+3057><U+305F><U+3051><U+3069><U+3001><U+3053><U+308C><U+3092><U+898B><U+3066><U+305F><U+3089><U+81EA><U+5206><U+3067><U+3082><U+51FA><U+6765><U+308B><U+3068><U+78BA><U+4FE1><U+304C><U+6301><U+3066><U+307E><U+3057><U+305F><U+3088>^^ <U+2192> https://t.co/OS1DhRAb1T";2018-04-08 23:37:03;"kdrczo4o";0;FALSE;"983126606020362240"
"https://t.co/ucOR5Gv00J";2018-04-08 23:37:02;"SthevenHenao";0;FALSE;"983126605341044736"
"#PetronTrafficUpdate #Waze

#jbtu PLUS: If traveling south to JB pls exit at Sedenak &amp; reconnect at Kulai, 45 min j… https://t.co/xWmrXn0T7y";2018-04-08 23:37:02;"astrotraffic";0;FALSE;"983126605118738432"
"Beautiful film — watching Seven Pounds at University Place, Lawrence https://t.co/BdCkdgxB9t";2018-04-08 23:37:02;"dhwilkinson007";0;FALSE;"983126605030612992"
"RT @Nelba_MG: 1,941 days is how long it has taken for @facebook to remove the “sandy hook hoax” page from its site. Here’s to hoping other…";2018-04-08 23:37:02;"AwelCruiz";125;TRUE;"983126604997152769"
"RT @nypost: Facebook will notify you if your info was shared with data firm https://t.co/QIaJiT5zZn https://t.co/b0Bxm17GPF";2018-04-08 23:37:02;"OCBeachDiamond";41;TRUE;"983126604980281344"
"https://t.co/VToozZMovO";2018-04-08 23:37:02;"Panchokibobae";0;FALSE;"983126604908916737"
"<U+0E41><U+0E15><U+0E48><U+0E2A><U+0E16><U+0E32><U+0E19><U+0E30><U+0E01><U+0E32><U+0E23><U+0E13><U+0E4C><U+0E08><U+0E23><U+0E34><U+0E07><U+0E01><U+0E47><U+0E42><U+0E14><U+0E19><U+0E15><U+0E23><U+0E27><U+0E08><U+0E40><U+0E2B><U+0E21><U+0E37><U+0E2D><U+0E19><U+0E40><U+0E14><U+0E34><U+0E21>

#<U+0E15><U+0E33><U+0E23><U+0E27><U+0E08><U+0E44><U+0E21><U+0E48><U+0E21><U+0E35><U+0E2D><U+0E33><U+0E19><U+0E32><U+0E08><U+0E02><U+0E2D><U+0E15><U+0E23><U+0E27><U+0E08><U+0E1B><U+0E31><U+0E2A><U+0E2A><U+0E32><U+0E27><U+0E30> <U+0E2B><U+0E32><U+0E01><U+0E44><U+0E21><U+0E48><U+0E21><U+0E35><U+0E01><U+0E32><U+0E23><U+0E41><U+0E15><U+0E48><U+0E07><U+0E15><U+0E31><U+0E49><U+0E07><U+0E2B><U+0E23><U+0E37><U+0E2D><U+0E44><U+0E14><U+0E49><U+0E23><U+0E31><U+0E1A><U+0E2D><U+0E19><U+0E38><U+0E0D><U+0E32><U+0E15><U+0E08><U+0E32><U+0E01><U+0E04><U+0E13><U+0E30><U+0E01><U+0E23><U+0E23><U+0E21><U+0E01><U+0E32>… https://t.co/ImVSzpYEOZ";2018-04-08 23:37:02;"E27EZG";0;FALSE;"983126604821008385"
"https://t.co/Y09HKwPk2x";2018-04-08 23:37:02;"candace_in_atx";0;FALSE;"983126604724436993"
"Não sei como dar esta notícia! https://t.co/BrBFym0shH";2018-04-08 23:37:02;"DURLACHADAS";0;FALSE;"983126604640645120"
"https://t.co/V62dS1wcO9";2018-04-08 23:37:02;"EyeOfWrestling";0;FALSE;"983126604409901056"
"https://t.co/tUBrD5iaDL";2018-04-08 23:37:02;"BKA1211";0;FALSE;"983126604212789248"
"‘You Are the Product’: Targeted by Cambridge Analytica on Facebook https://t.co/Yoo0QcKzK3";2018-04-08 23:37:02;"Y1yTEuQNcQdPuSJ";0;FALSE;"983126603713728512"
"<U+0639><U+0646><U+062F> <U+062A><U+0646><U+0627><U+0648><U+0644> <U+0627><U+0644><U+0637><U+0641><U+0644> <U+0644><U+0623><U+0646><U+0648><U+0627><U+0639> <U+0636><U+0627><U+0631><U+0629> <U+0645><U+0646> <U+0627><U+0644><U+0623><U+0637><U+0639><U+0645><U+0629> <U+062A><U+062D><U+062F><U+062B> <U+0645><U+0634><U+0643><U+0644><U+0627><U+062A> <U+0648><U+0627><U+0644><U+062A><U+0647><U+0627><U+0628><U+0627><U+062A> <U+0645><U+062E><U+062A><U+0644><U+0641><U+0629> <U+062F><U+0627><U+062E><U+0644> <U+0627><U+0644><U+062C><U+0647><U+0627><U+0632> <U+0627><U+0644><U+0647><U+0636><U+0645><U+064A> <U+0648><U+062A><U+0628><U+062F><U+0623> <U+0623><U+0639><U+0631><U+0627><U+0636> <U+0643><U+062B><U+064A><U+0631><U+0629> <U+0644><U+0623><U+0645><U+0631><U+0627><U+0636> <U+0645><U+062E><U+062A>… https://t.co/RR8TBZ2o0a";2018-04-08 23:37:02;"Autismeg";0;FALSE;"983126603445231616"
"WTF is this baby dreaming about?? https://t.co/81wIl8zzOc";2018-04-08 23:37:02;"Gemini_268";0;FALSE;"983126602807697408"
"https://t.co/eQMxXjdMFP";2018-04-08 23:37:02;"Altisx";0;FALSE;"983126602602176512"
"RT @ThaiPBS: <U+0E19><U+0E49><U+0E2D><U+0E07><U+0E0A><U+0E32><U+0E22><U+0E02><U+0E2D><U+0E07><U+0E1C><U+0E39><U+0E49><U+0E23><U+0E2D><U+0E14><U+0E0A><U+0E35><U+0E27><U+0E34><U+0E15> <U+0E04><U+0E14><U+0E35><U+0E17><U+0E35><U+0E48><U+0E0B><U+0E35><U+0E2D><U+0E38><U+0E22><U+0E23><U+0E31><U+0E1A><U+0E2A><U+0E32><U+0E23><U+0E20><U+0E32><U+0E1E> <U+0E22><U+0E37><U+0E19><U+0E22><U+0E31><U+0E19><U+0E27><U+0E48><U+0E32><U+0E23><U+0E39><U+0E49><U+0E27><U+0E48><U+0E32><U+0E04><U+0E19><U+0E23><U+0E49><U+0E32><U+0E22><U+0E15><U+0E31><U+0E27><U+0E08><U+0E23><U+0E34><U+0E07><U+0E04><U+0E37><U+0E2D><U+0E43><U+0E04><U+0E23><U+0E41><U+0E25><U+0E30><U+0E44><U+0E21><U+0E48><U+0E43><U+0E0A><U+0E48><U+0E0B><U+0E35><U+0E2D><U+0E38><U+0E22>
.. <U+0E0A><U+0E21><U+0E2A><U+0E14> https://t.co/7MG2Zve0Iq
#T…";2018-04-08 23:37:02;"realananyoch";1076;TRUE;"983126602165792774"
"Wow! Cayman Turtle Divers! https://t.co/wufZESrzht";2018-04-08 23:37:02;"kittiwakeCayman";0;FALSE;"983126601784283136"
"https://t.co/FBiogdLGRS";2018-04-08 23:37:02;"cabgarcia";0;FALSE;"983126601704574976"
"A Tough Task for Facebook: European-Type Privacy for All https://t.co/gPOHUbaYVh";2018-04-08 23:37:02;"Y1yTEuQNcQdPuSJ";0;FALSE;"983126601679429634"
"RT @HaymarketPub: Fresh cans coming off the line in Michigan! #speakerswagonpils #craftbeer #makinggreatbeerforgreatbeerdrinkers https://t.…";2018-04-08 23:37:02;"Sasquatch_Mills";1;TRUE;"983126601583026177"
"RT @JohnFugelsang: I'm writing a film abt a person who leaves Facebook w/out posting an elaborate monologue on Facebook about why they're l…";2018-04-08 23:37:02;"DizzyDolly186";267;TRUE;"983126601570414592"
"RT @sopitas: ¿Le entran? Un día sin Facebook, la nueva protesta digital https://t.co/IOz4ITZowb https://t.co/lQUOv5pCnf";2018-04-08 23:37:01;"cancunpress";86;TRUE;"983126600458874882"
"https://t.co/Y9PgynIU11";2018-04-08 23:37:01;"w_laet";0;FALSE;"983126600014270464"
"RT @esbuenoesmalo: Se le olvidó a Purón que Meade no es del PRI y que en Acuña, él es el del partido de enfrente.
https://t.co/bLmEjxAKDz";2018-04-08 23:37:01;"Ju_jc_jv";1;TRUE;"983126599783600128"
"Hola a todos podrían ayudarme con un like en mí publicación de Facebook. Sólo likes , no comentarios.
Por favor 
https://t.co/lPIjy4ZQAM";2018-04-08 23:37:01;"EdaliMarlen";0;FALSE;"983126599674597376"
"@LarrySchweikart Facebook goes, an entire industry goes with it";2018-04-08 23:37:01;"KingBroly";0;FALSE;"983126599477456896"
"https://t.co/vaZfMhnu5Y";2018-04-08 23:37:01;"JESUSHERBALIFE3";0;FALSE;"983126599196397568"
"RT @SelfPubShowcase: What are you waiting for? Join the EVOlution today! https://t.co/5TfYgmWGth #Novel #Superheroes #sciencefiction https:…";2018-04-08 23:37:01;"W_E_F3";1;TRUE;"983126598944804864"
"RT @GillyandZia: #Beijing #China
“Undercover live in a lab... tested on #beagels ...everyday for lotions, make-up, detergents, and cosmetic…";2018-04-08 23:37:01;"lady__skeeter";69;TRUE;"983126598944772096"
"https://t.co/OM2goEeG2G";2018-04-08 23:37:01;"huver_garcia";0;FALSE;"983126598877630464"
"RT @puntocuatrotv: <ed><U+00A0><U+00BD><ed><U+00B4><U+00B4> En vivo 
<ed><U+00A0><U+00BD><ed><U+00B2><U+0083><ed><U+00A0><U+00BD><ed><U+00B5><U+00BA><ed><U+00A0><U+00BC><ed><U+00BE><U+00B7><ed><U+00A0><U+00BC><ed><U+00BE><U+00B8><ed><U+00A0><U+00BC><ed><U+00BE><U+00A4>Show de baile musical en #PlazaSenderoVillahermosa <ed><U+00A0><U+00BC><ed><U+00BE><U+00B9><ed><U+00A0><U+00BC><ed><U+00BE><U+0099><U+FE0F><ed><U+00A0><U+00BC><ed><U+00BE><U+00BC> @plazasenderovh
@Rodolfo_groot @AriasNice @maram…";2018-04-08 23:37:01;"Juanita_reyesS";3;TRUE;"983126598625972225"
"John Kunze live from MeRf Studio. https://t.co/3lHOO6Ryxu";2018-04-08 23:37:01;"RockstarTA";0;FALSE;"983126598399528960"
"Facebook on Monday will begin alerting the 87 million users whose data may have been harvested by Cambridge Analyti… https://t.co/iawkO5pWDl";2018-04-08 23:37:01;"oflores";0;FALSE;"983126598194028544"
"https://t.co/pu5jVJJVP2";2018-04-08 23:37:01;"rljones765";0;FALSE;"983126598156210178"
"https://t.co/xqMb1nGQmu";2018-04-08 23:37:01;"Danettesoasis";0;FALSE;"983126598139482113"
"https://t.co/IXqgAz9l0G";2018-04-08 23:37:01;"boobalanm";0;FALSE;"983126598072328192"
"https://t.co/ILvZ6KSUO6";2018-04-08 23:37:01;"harlemsmover";0;FALSE;"983126597950758912"
"Check out these photos from Saturday's Jacksonville Mini Maker Faire! We love seeing such innovative ideas in actio… https://t.co/rEogAlOmBQ";2018-04-08 23:37:01;"NEFLSTEM2";0;FALSE;"983126597766086656"
"RT @mediaguardian: Facebook to contact 87 million users affected by data breach https://t.co/Y6vRUwz8dL";2018-04-08 23:37:01;"DavidClinchNews";4;TRUE;"983126597753597954"
"en SAN PEDRO De PINTA https://t.co/1U2PY4OezW";2018-04-08 23:37:01;"monic_garza";0;FALSE;"983126597732515846"
"Realtor log: Friday-Sunday Work Weekend
04/06/2018-04/08/2018 — at https://t.co/aakfpzYIWu";2018-04-08 23:37:01;"diptea";0;FALSE;"983126597585768448"
"Segui la campagna volantinaggio-stop al crudele commercio Carne di cane in #SudCorea <U+2757>https://t.co/Wpbpj3GKnm https://t.co/4pgUzeKcGJ";2018-04-08 23:37:01;"shishnfips";0;FALSE;"983126597527056384"
"https://t.co/fU2PVM3wkA";2018-04-08 23:37:00;"Real_Diamond77";0;FALSE;"983126596780482560"
"RT @chelseahandler: This is what my daughter thinks of the lack of female representatives in government. Pls pay attention to the strong fe…";2018-04-08 23:37:00;"meanwinniejean";203;TRUE;"983126596767928320"
"RT @DrMartyFox: ATTN: #Zuckerberg 

You Messed With The  WRONG #Conservative #Trump Supporters

@DiamondandSilk 

If A Private #Christian…";2018-04-08 23:37:00;"SKOOKALOOP";44;TRUE;"983126596679815168"
"RT @RealJamesWoods: I predict that @facebook will be studied in future business schools as the single greatest business catastrophe in Amer…";2018-04-08 23:37:00;"cates749";5242;TRUE;"983126595933229056"
"RT @OmegaQuellon: #Quellón: informe emergencias: 
1) fuego en vehículo emergencia finalizada, daño total en móvil villa las antenas. 

2) P…";2018-04-08 23:37:00;"CaroMillaldeo";7;TRUE;"983126595715190784"
"https://t.co/CIZKFLKOtz";2018-04-08 23:37:00;"katiaserra";0;FALSE;"983126595471847425"
"https://t.co/tyg6O9UPsy";2018-04-08 23:37:00;"franradmann";0;FALSE;"983126595102760961"
"https://t.co/Rd0EJJmoih";2018-04-08 23:37:00;"DarrylMW";0;FALSE;"983126594456883200"
"RT @foxandfriends: When we signed up with Facebook they didn't say this platform was only for liberal views -@DiamondandSilk slam Faceboo…";2018-04-08 23:37:00;"DLW1964JR";2415;TRUE;"983126594435911680"
"RT @mhonividente: TAURO. Semana de estar sacando deudas del pasado o liquidando ya compromisos familiares que te quitan mucho pensamiento y…";2018-04-08 23:37:00;"Dianakaren_";5;TRUE;"983126594397995009"
"https://t.co/ja9t6XiqOQ";2018-04-08 23:37:00;"hhmhilliard";0;FALSE;"983126594305708033"
"It only took 30 mins for 26 puppies like this to find their forever homes today! Excited adopters began lining up a… https://t.co/iM9fgJGYm0";2018-04-08 23:37:00;"EverettAnimals";0;FALSE;"983126593764651008"
"https://t.co/iQl4cFPSgM";2018-04-08 23:37:00;"junioracpjunior";0;FALSE;"983126593718620160"
"https://t.co/g27yaMER3E";2018-04-08 23:37:00;"ElzaeemHassan";0;FALSE;"983126593576079361"
"RT @NatCurrea: Mañana el municipio de #BuenosAires Cauca, de la mano de @FundacionPlan yen un proceso liderado por niños, va a mostrarnos s…";2018-04-08 23:37:00;"herluchito";1;TRUE;"983126593454436352"
"Hummmm don't think that makes much sense, decoy fruit? https://t.co/ffNaAEWnZh";2018-04-08 23:36:59;"Women_Farm_Too";0;FALSE;"983126592737239040"
"People will have a party/Facebook live event for anything these days. Maybe I’ll have anthony Facebook live the bir… https://t.co/2KrgzzUcx2";2018-04-08 23:36:59;"dre_christine";0;FALSE;"983126592707858432"
"https://t.co/o1baQVLudo";2018-04-08 23:36:59;"sonia984";0;FALSE;"983126592519049216"
"FXUS64 KMRX 082336
AFDMRX

Area Forecast Discussion
National Weather Service Morristown TN
736 PM EDT Sun Apr 8 201… https://t.co/8mrIx2tapP";2018-04-08 23:36:59;"SmythWeather";0;FALSE;"983126592267472897"
"https://t.co/Or0nHTUrNE";2018-04-08 23:36:59;"Alejandr0_Can";0;FALSE;"983126592208670720"
"https://t.co/DnuD39Er7b";2018-04-08 23:36:59;"AnadaAmarilis";0;FALSE;"983126591843782656"
"https://t.co/7wcDZXo1Ax";2018-04-08 23:36:59;"joieingx";0;FALSE;"983126591663419393"
"https://t.co/EI9dQthTSE";2018-04-08 23:36:59;"clertoncord";0;FALSE;"983126591499833345"
"Boho Buddha 24”x48” https://t.co/IQyky8UI7E";2018-04-08 23:36:59;"Tara_Connect";0;FALSE;"983126591432572929"
"<U+0413><U+0434><U+0435> <U+0445><U+043E><U+0447><U+0443>, <U+0442><U+0430><U+043C> <U+0438> <U+0433><U+0443><U+043B><U+044F><U+044E>!)))))))))))))))
#<U+0441><U+0432><U+043E><U+0431><U+043E><U+0434><U+0430> #<U+043E><U+0442><U+0434><U+044B><U+0445> #<U+0441><U+0430><U+043C><U+0441><U+0435><U+0431><U+0435><U+0445><U+043E><U+0437><U+044F><U+0438><U+043D> <ed><U+00A0><U+00BD><ed><U+00B2><U+0082><ed><U+00A0><U+00BC><ed><U+00BF><U+00BB><U+200D><U+2642><U+FE0F> https://t.co/Rk6D4y21sO";2018-04-08 23:36:59;"ibragimKadyrov";0;FALSE;"983126591298469888"
"attending Judas Priest: Firepower 2018 at Grossinger Motors Arena https://t.co/1pgViALdIU";2018-04-08 23:36:59;"Lyd3ia";0;FALSE;"983126591235592193"
"RT @MoniAveVital: SE BUSCAN JOVENES !!!!! .... También adultos que Sueñen, Crean y Quieran Construir una Colombia que pasé de un cuento de…";2018-04-08 23:36:59;"jacqueskerguel";1;TRUE;"983126591067877376"
"https://t.co/5roZtis8DR";2018-04-08 23:36:59;"JosianeVeiga";0;FALSE;"983126590958682112"
"https://t.co/UhNGt3SaV8";2018-04-08 23:36:59;"dvite3";0;FALSE;"983126590753312771"
"RT @MaureenShilaly: Diamond and Silk FURIOUS After Facebook Reveals Why Their Content Has Been Censored - https://t.co/ELLbwYpN9j";2018-04-08 23:36:59;"whereisjustice0";1;TRUE;"983126590505791491"
"RT @hotfunkytown: FB  Diamond And Silk Unsafe

FB probably said two vocal black women for Trump doesn't fit the narrative so they had to…";2018-04-08 23:36:59;"jerseygirl100_";1365;TRUE;"983126589968994304"
"https://t.co/OOU5ML1VBB";2018-04-08 23:36:59;"Kokeindo";0;FALSE;"983126589801205762"
"Rocked the stage last night at @taywtsn tay day Along with a lot of big artist #Capo #Nfl #raw #caspercapo https://t.co/CeoPloipbo";2018-04-08 23:36:59;"casperofficial";0;FALSE;"983126589566345218"
"Essa onda de instabilidade política que o atual Brasil vive é um perigo para os governos extremistas, seja de esque… https://t.co/Sr1E04iZUp";2018-04-08 23:36:59;"EricaEdissa";0;FALSE;"983126589469798400"
"RT @Palits3Apps: 180408: Brand Ambassdor <U+0E14><U+0E35><U+0E40><U+0E14><U+0E48><U+0E19><U+0E2D><U+0E31><U+0E1E> FB <U+0E04><U+0E48><U+0E32> <U+0E44><U+0E25><U+0E04><U+0E4C><U+0E2B><U+0E49><U+0E32><U+0E21><U+0E2B><U+0E25><U+0E27><U+0E21> <U+0E22><U+0E49><U+0E33>! <U+0E44><U+0E25><U+0E04><U+0E4C><U+0E2B><U+0E49><U+0E32><U+0E21><U+0E2B><U+0E25><U+0E27><U+0E21> <U+0E42><U+0E01>! <U+0E42><U+0E01>! <U+2764><ed><U+00A0><U+00BD><ed><U+00B2><U+00A8><ed><U+00A0><U+00BD><ed><U+00B2><U+00A8><ed><U+00A0><U+00BD><ed><U+00B2><U+00A8>

<U+0E0A><U+0E48><U+0E27><U+0E22><U+0E01><U+0E31><U+0E19> RT <U+0E14><U+0E49><U+0E27><U+0E22><U+0E40><U+0E14><U+0E49><U+0E2D> <ed><U+00A0><U+00BD><ed><U+00B8><U+008E>

<ed><U+00A0><U+00BC><ed><U+00BF><U+0084> https://t.c…";2018-04-08 23:36:59;"t_yanaco";342;TRUE;"983126589264224256"
"RT @nicoleenumba9: Bro LMFAOOOO these mfs on Facebook live from fuckin jail gettin hoes to join and show sum <ed><U+00A0><U+00BD><ed><U+00B8><U+00AD><ed><U+00A0><U+00BD><ed><U+00B8><U+00AD><ed><U+00A0><U+00BD><ed><U+00B8><U+00AD><ed><U+00A0><U+00BD><ed><U+00B8><U+00AD><ed><U+00A0><U+00BD><ed><U+00B8><U+00AD><ed><U+00A0><U+00BD><ed><U+00B8><U+00AD><ed><U+00A0><U+00BD><ed><U+00B8><U+00A9><ed><U+00A0><U+00BD><ed><U+00B8><U+00AD>this shit hilarious an…";2018-04-08 23:36:59;"FreeRoamRae";1;TRUE;"983126589201362944"
"C'était la dernière sortie, ça méritait quelques images... https://t.co/JiUcws20Md";2018-04-08 23:36:59;"monobjvel";0;FALSE;"983126589083930624"
"Ali Dawa challenged again ! https://t.co/l3QEKckfi1";2018-04-08 23:36:58;"mufassili";0;FALSE;"983126588631011328"
"https://t.co/yGgJUkN5R7";2018-04-08 23:36:58;"BlogdeKlau";0;FALSE;"983126588400263168"
"https://t.co/OdnPAbSHGm";2018-04-08 23:36:58;"M1k3_GonGut";0;FALSE;"983126588387741696"
"https://t.co/ktGC2MRzWi";2018-04-08 23:36:58;"contcavalcante";0;FALSE;"983126588278616064"
"A Sunday hanging with some #FLATliners at #Mthoy and #oaks for #rwb #charity? A very good day indeed! Whether with… https://t.co/ELEWBW2D4A";2018-04-08 23:36:58;"HartFitSGX";0;FALSE;"983126588253507585"
"I posted a new video to Facebook https://t.co/ca3LM2hQ5z";2018-04-08 23:36:58;"dvinebeauty2";0;FALSE;"983126588001865728"
"https://t.co/5CCk8O02rE";2018-04-08 23:36:58;"IgnacioAndres__";0;FALSE;"983126587670515713"
"sonola vostra guida qui, mi chiamo Sabato Kaliwuan. Darò sapere di molte cose d’yogyakarta avoi !
Ma...Yogyakarta e… https://t.co/awpknP2Wfz";2018-04-08 23:36:58;"kaliwuansabato";0;FALSE;"983126587536060416"
"https://t.co/XgSyAcjPRO";2018-04-08 23:36:58;"booksbyjvd";0;FALSE;"983126587368452096"
"RT @SparkleSoup45: Sooo...this hearing will be totally legit. <ed><U+00A0><U+00BD><ed><U+00B1><U+008C>

Facebook Gave Money To 85% Of House Committee “Questioning” Zuckerberg Nex…";2018-04-08 23:36:58;"plwtigers";1058;TRUE;"983126587305578496"
"https://t.co/IinVE5DMJB";2018-04-08 23:36:58;"TheDiscoCherry";0;FALSE;"983126586873516032"
"https://t.co/fqeZ2W3jEe";2018-04-08 23:36:58;"NchSottelo";0;FALSE;"983126586781290500"
"Valeu https://t.co/qUhexknP8d";2018-04-08 23:36:58;"Poxaa_Alviene";0;FALSE;"983126586735112193"
"https://t.co/tMsexPX9DX";2018-04-08 23:36:58;"valterdamidia";0;FALSE;"983126586454134784"
"https://t.co/yqIEny1ADq";2018-04-08 23:36:58;"Ejvm1998";0;FALSE;"983126586248622081"
"https://t.co/HXdgJUFaHk";2018-04-08 23:36:58;"TeeRshad";0;FALSE;"983126585980137472"
"RT @hotfunkytown: FB  Diamond And Silk Unsafe

FB probably said two vocal black women for Trump doesn't fit the narrative so they had to…";2018-04-08 23:36:58;"pixiedust5135";1365;TRUE;"983126585980129280"
"Un paquete más entregado !!! 
Cada día son más las instituciones que conocen nuestro  trabajo 

Estamos comprometid… https://t.co/wWv6EGfDlh";2018-04-08 23:36:58;"aristos_soccer";0;FALSE;"983126585753722880"
"RT @mhonividente: CANCER. Semana de mucho trabajo y juntas para ver el reacomodo de puestos laboral así que tu trata de estar siempre muy a…";2018-04-08 23:36:58;"Dianakaren_";5;TRUE;"983126585334104064"
"RT @EmiBettRickards: <ed><U+00A0><U+00BD><ed><U+00B3><U+00B9> Is she an angel or a unicorn? <ed><U+00A0><U+00BD><ed><U+00B8><U+008D><U+2764><U+FE0F><U+2764><U+FE0F> #hvffchicago #HVFF [@heroesfanfest via Facebook] https://t.co/RTyQ8clbDr";2018-04-08 23:36:58;"teamflarrow";4;TRUE;"983126585317494785"
"https://t.co/H24jjriNkl";2018-04-08 23:36:58;"Brutelmagic";0;FALSE;"983126585258766336"
"https://t.co/w9kPEUAh4y";2018-04-08 23:36:58;"najib_saedi";0;FALSE;"983126584839278592"
"https://t.co/AUBnPgpeJ6";2018-04-08 23:36:58;"PaolinoMalfatti";0;FALSE;"983126584776278017"
"<U+3057><U+307E><U+306A><U+307F>&amp;<U+3084><U+307E><U+306A><U+307F><U+90A3><U+9808>!!<U+3069><U+3093><U+3069><U+3093><U+30DA><U+30C0><U+30EB><U+304C><U+56DE><U+308B><U+3002>#<U+3057><U+307E><U+306A><U+307F> #<U+3084><U+307E><U+306A><U+307F> #<U+90A3><U+9808> #<U+81EA><U+8EE2><U+8ECA> #cycling
#CYCLE SPORTS
#BiCYCLE CLUB — <U+5834><U+6240>: <U+9808><U+7530><U+30B3><U+30FC><U+30D2><U+30FC> https://t.co/9BjrThUh66";2018-04-08 23:36:58;"spectaclesuzuki";0;FALSE;"983126584763830273"
"https://t.co/gMd51mNeAP";2018-04-08 23:36:58;"MAHERKABBANI";0;FALSE;"983126584696754176"
"Mozilla creates Firefox extension to prevent Facebook from tracking you https://t.co/hJZ2iB5cky";2018-04-08 23:36:57;"EyeCandyGallery";0;FALSE;"983126583891374081"
"https://t.co/5mcK4V2nLN";2018-04-08 23:36:57;"justingeorge80";0;FALSE;"983126583677464576"
"RT @BrewcityBruiser: Next Saturday, April 14, our All Stars take on @thefcrd at Skaters Edge (5714 Integrity Way, Appleton, WI). Doors at 5…";2018-04-08 23:36:57;"Im_X1";1;TRUE;"983126583560073217"
"https://t.co/ckv7gTCDi0";2018-04-08 23:36:57;"yefrileander";0;FALSE;"983126583497158656"
"RT @Oprah: We could listen to you all day, @Lin_Manuel! Hamilton fans, gather ‘round—our #SuperSoul conversation streams on my Facebook pag…";2018-04-08 23:36:57;"CCO2O7";1465;TRUE;"983126583480168448"
"https://t.co/tEw4QJYvnt";2018-04-08 23:36:57;"BrunoRetouch";0;FALSE;"983126583379742720"
"RT @ThompsonAlberta: It seems that the worst situations often bring out the best in everyone. Much love to the families and community #humb…";2018-04-08 23:36:57;"CarolineTYEG";1;TRUE;"983126582859464704"
"RT @capa_invisible: Encontré este meme en facebook JAJAJAJA https://t.co/jQkNMgLnVN";2018-04-08 23:36:57;"SheilaNairW";98;TRUE;"983126582717046785"
"RT @RealJamesWoods: While #Facebook makes it extremely difficult to get their parasitic tendrils out of your life, it is possible to do it.…";2018-04-08 23:36:57;"ThePatriot143";1259;TRUE;"983126582108872704"
"CubeYou also used Facebook quizzes to suck in vast amounts of private user data that was then sold to advertisers.… https://t.co/xSFqUlyfEg";2018-04-08 23:36:57;"dhh";2;FALSE;"983126582108684289"
"https://t.co/ZqvgWzX6nl";2018-04-08 23:36:57;"favio_guardia";0;FALSE;"983126581794234368"
"https://t.co/6SkRdiMG4j";2018-04-08 23:36:57;"Julchaidir99";0;FALSE;"983126581760679936"
"Details on the financial workshop below!

We will be discussing SSI and SSDI and how to maximize your benefits! https://t.co/jD8So4HfQt";2018-04-08 23:36:57;"SHEP_OKC";0;FALSE;"983126581760659458"
"https://t.co/WMcCfSgG52";2018-04-08 23:36:57;"florenxan";0;FALSE;"983126581664239616"
"B&amp;B Carol, one of our classic antique homes, our guests highest rated and favourite is a gem, on the upscale exclus… https://t.co/HInvp8bYta";2018-04-08 23:36:57;"petite_paris_pr";0;FALSE;"983126581622202369"
"Nem tudo que os pais acham que é bom para eles quer dizer que é bom para os filhos. 
É claro que o exemplo fala mai… https://t.co/OlGsIQ2hAq";2018-04-08 23:36:57;"jorgestephan";0;FALSE;"983126581156687873"
"https://t.co/SW8n3vHqGF";2018-04-08 23:36:57;"johnbx39";0;FALSE;"983126581043519489"
"RT @georgishly: Emily is so cute! <ed><U+00A0><U+00BD><ed><U+00B8><U+008D>

[https://t.co/wG0hEYaLgH] https://t.co/hQtirplbHk";2018-04-08 23:36:57;"OlicityDreams";47;TRUE;"983126581001453568"
"https://t.co/Kq66wkJbKT";2018-04-08 23:36:57;"Davidthe3d";0;FALSE;"983126580926042112"
"https://t.co/ru5kGY5vUQ";2018-04-08 23:36:57;"Bianca22silva";0;FALSE;"983126580724731904"
"https://t.co/7Y1cVAy8OJ";2018-04-08 23:36:57;"fati_dl18";0;FALSE;"983126580649078784"
"https://t.co/PvOYLaTR8A";2018-04-08 23:36:57;"vinceshan20";0;FALSE;"983126580644937728"
"https://t.co/G5qGtTmVGO";2018-04-08 23:36:56;"tiojal";0;FALSE;"983126580250796032"
"https://t.co/LgMWg9FTzx";2018-04-08 23:36:56;"mentionRahman";0;FALSE;"983126580074459136"
"@NicolleDWallace @nytimes An entire cottage industry of right wing nuts hawking merchandise &amp; collecting donations… https://t.co/VXQOUJctyN";2018-04-08 23:36:56;"Jarnocan";0;FALSE;"983126579583864833"
"I posted a new video to Facebook https://t.co/uUS3W6vl9r";2018-04-08 23:36:56;"hhane20";0;FALSE;"983126579365732353"
"https://t.co/h0myyhW2EC";2018-04-08 23:36:56;"carlosvalim2012";0;FALSE;"983126579080564736"
"https://t.co/OUWcfyTfOI";2018-04-08 23:36:56;"AlexReisOP";0;FALSE;"983126579080499200"
"https://t.co/CsIkYdOJeY";2018-04-08 23:36:56;"pati_dostlar";0;FALSE;"983126578245914626"
"RT @profcarroll: Victims of the Kogan/Chancellor quiz scam that deceptively harvested their Facebook friends data and matched it to their v…";2018-04-08 23:36:56;"adogslifeTO";33;TRUE;"983126578203844608"
"JAJAJAJAJAJA https://t.co/tMssAnQKMq";2018-04-08 23:36:56;"bizzlexfckz";0;FALSE;"983126577562177537"
"RT @NicolleDWallace: This is incredible. The audacity of Facebook is shocking: ‘You Are the Product’: Targeted by Cambridge Analytica on Fa…";2018-04-08 23:36:56;"VeeVeeWP";181;TRUE;"983126577469906944"
"https://t.co/zEYy4xrqAt";2018-04-08 23:36:56;"attitudeagro";0;FALSE;"983126577448923137"
"https://t.co/4feQKPmv0c";2018-04-08 23:36:56;"JoeStylesaka";0;FALSE;"983126576937218048"
"RT @LulapeloBrasil: São Bernardo do Campo! Ao vivo: https://t.co/lJgCpNp1Ma https://t.co/wtHAX0dOGh";2018-04-08 23:36:56;"LuciaMariaCast5";544;TRUE;"983126576882769920"
"https://t.co/7mTlFjQNLb";2018-04-08 23:36:56;"carenmorell";0;FALSE;"983126576693948416"
"RT @profcarroll: Victims of the Kogan/Chancellor quiz scam that deceptively harvested their Facebook friends data and matched it to their v…";2018-04-08 23:36:56;"LucyLewis37";33;TRUE;"983126576668782592"
"RT @mhonividente: LEO, Semana de estar muy preocupado por tu bienestar económico y decides ya tomar una decisión de adminístrate mas y ya p…";2018-04-08 23:36:56;"Dianakaren_";6;TRUE;"983126576593186816"
"https://t.co/fwJShSR8NM";2018-04-08 23:36:56;"panxitoconti96";0;FALSE;"983126576299724800"
"https://t.co/H0jsG7Lfmc";2018-04-08 23:36:55;"carlos20111974";0;FALSE;"983126575658004480"
"RT @KarenAttiah: I missed this-- &gt; Facebook to End News Feed Experiment in 6 Countries That Magnified Fake News https://t.co/ibVzC6m5jr";2018-04-08 23:36:55;"LaurenKushner";6;TRUE;"983126575381139457"
"https://t.co/HaOvqqFsQH";2018-04-08 23:36:55;"jennyabbydabby";0;FALSE;"983126575293042689"
"Amigos y compañeros ITC's:
En honor a las experiencias y momentos compartidos con nuestro compañero Alberto, nos un… https://t.co/w3KNeueVOL";2018-04-08 23:36:55;"SAITC_MTY";0;FALSE;"983126575032995840"
"RT @DolarToday: ¡TE ESPERA LO MISMO! Maduro: Lo que le están haciendo a Lula es una “canallada” #TeamHDP https://t.co/2v1q3pZS9a";2018-04-08 23:36:55;"bettaniateran";7;TRUE;"983126574865272832"
"US Surgeon General Sylvia Trent-Adams states each day America loses 115 people a day to an opioid overdose. That's… https://t.co/I5WEaMCtw1";2018-04-08 23:36:55;"HorseSisters";0;FALSE;"983126574600990720"
"https://t.co/jBlmgTy7fo";2018-04-08 23:36:55;"paula_rissi";0;FALSE;"983126574181560320"
"https://t.co/16WCnkQU3v";2018-04-08 23:36:55;"josefbohorquez";0;FALSE;"983126574127075328"
"https://t.co/Jqwt0O1h4a";2018-04-08 23:36:55;"germy_33";0;FALSE;"983126574017937408"
"Este se apresa solo jaja https://t.co/HpmcuZ0ZrM";2018-04-08 23:36:55;"noesta_tanmal";0;FALSE;"983126574013788161"
"https://t.co/4r9OsVTzgn";2018-04-08 23:36:55;"HilaryTeen";0;FALSE;"983126573644681216"
"RT @NicolleDWallace: This is incredible. The audacity of Facebook is shocking: ‘You Are the Product’: Targeted by Cambridge Analytica on Fa…";2018-04-08 23:36:55;"Smason2126L";179;TRUE;"983126573627904001"
"MORO, o anti corrupção showman!!! https://t.co/2S08xnc0df";2018-04-08 23:36:55;"FPickers";0;FALSE;"983126573514743809"
"https://t.co/n1q7HmSyx6";2018-04-08 23:36:55;"Nachinto98";0;FALSE;"983126573246279680"
"RT @CNNPolitics: 4 questions Congress must ask Facebook CEO Mark Zuckerberg https://t.co/nqBJqi5lKf https://t.co/Ioc3Khnv7V";2018-04-08 23:36:55;"peloncamala";2;TRUE;"983126573204123654"
"https://t.co/ZvfAViyM8A";2018-04-08 23:36:55;"marcio_hart";0;FALSE;"983126572671623168"
"RT @RVAwonk: NEW: Facebook has suspended data analytics firm CubeYou after CNBC discovered that it was collecting information about users t…";2018-04-08 23:36:55;"SheilaCole68";870;TRUE;"983126572596154372"
"Please place your bids on a La Tink 3 panel 'Tree of Life' (or a custom screen - equivalent price) to help raise mo… https://t.co/IyT9QdiVp4";2018-04-08 23:36:55;"Catten_Ind";0;FALSE;"983126572428419073"
"Hitesher Gef is a South African author and inspirational speaker and author.

#inspiration #inspirationalquotes… https://t.co/vIpry6nefy";2018-04-08 23:36:55;"hiteshergef";0;FALSE;"983126572097040385"
"RT @heartofadoggo: #heartofadoggo #dog #vet #sick #fake #cute #adorable #facebook #love https://t.co/tbFuljmmnv";2018-04-08 23:36:55;"BI_furr01";92;TRUE;"983126572088602624"
"RT @DrMartyFox: ATTN: #Zuckerberg 

You Messed With The  WRONG #Conservative #Trump Supporters

@DiamondandSilk 

If A Private #Christian…";2018-04-08 23:36:55;"WillowRedd1";44;TRUE;"983126571916636160"
"https://t.co/vXq0PSKUip";2018-04-08 23:36:55;"ZLlandel15";0;FALSE;"983126571874734080"
"<ed><U+00A0><U+00BD><ed><U+00B6><U+00A4> https://t.co/CZlgvxc2Sb";2018-04-08 23:36:54;"kasidalebenson";0;FALSE;"983126571782295552"
"https://t.co/lVaLKPk7lo";2018-04-08 23:36:54;"gwlarson2002";0;FALSE;"983126571451080704"
"RT @electrakoutra: <U+039A><U+03B9> eµ<U+03AD><U+03BD>a a<U+03C5>t<U+03CC> µe s<U+03BF><U+03BA><U+03AC><U+03C1>e<U+03B9>. <U+03A4><U+03BF> t<U+03B9> µp<U+03BF><U+03C1>e<U+03AF> <U+03BD>a s<U+03C5>µße<U+03AF> st<U+03BF><U+03BD> d<U+03B9><U+03BA>a<U+03B9><U+03C9>µat<U+03B9><U+03BA><U+03CC> <U+03BA><U+03CC>sµ<U+03BF>. <U+039C>e s<U+03CC><U+03BA>a<U+03C1>e p<U+03BF><U+03B9><U+03BA><U+03B9><U+03BB><U+03BF>t<U+03C1><U+03CC>p<U+03C9><U+03C2> te<U+03BB>e<U+03C5>ta<U+03AF>a. <U+039A>at<U+03AC> ta <U+03BB><U+03BF><U+03B9>…";2018-04-08 23:36:54;"TheKoulWay";3;TRUE;"983126571069444096"
"Hi Melaniezados!!<U+2764><U+FE0F>
Vim trazer as redes sociais do canal!<U+2764><U+FE0F>

Facebook:https://t.co/bXTSTLKY9W

Instagram:… https://t.co/lI0HLx32an";2018-04-08 23:36:54;"UmaMelaniezada";0;FALSE;"983126570922577921"
"https://t.co/laUS0yqMWY";2018-04-08 23:36:54;"roger_vm";0;FALSE;"983126570532564992"
"RT @hotfunkytown: FB  Diamond And Silk Unsafe

FB probably said two vocal black women for Trump doesn't fit the narrative so they had to…";2018-04-08 23:36:54;"3caee40a0da04cd";1365;TRUE;"983126570499002368"
"RT @ms06r1a: https://t.co/bBlMl2K1CV
twitter<U+3084>Facebook<U+3084>Instagram<U+3067><U+7686><U+304C><U+500B><U+4EBA><U+60C5><U+5831><U+3092><U+5782><U+308C><U+6D41><U+3057><U+7D9A><U+3051><U+308B><U+306E><U+306F><U+3001><U+81EA><U+5206><U+8A9E><U+308A><U+306B><U+306F><U+30C9><U+30E9><U+30C3><U+30B0><U+3088><U+308A><U+3082><U+5F37><U+70C8><U+306A><U+5FEB><U+697D><U+304C><U+3042><U+3063><U+3066><U+3001><U+305D><U+308C><U+306F><U+304A><U+91D1><U+3084><U+5371><U+967A><U+6027><U+306A><U+3069><U+3067><U+306F><U+6291><U+3048><U+3089><U+308C><U+306A><U+3044><U+304B><U+3089><U+3089><U+3057><U+3044><U+3002><U+3053><U+3046><U+3044><U+3046><U+30D6><U+30E9><U+30C3><U+30AF><U+81EA><U+6162>…";2018-04-08 23:36:54;"zYiky9KVqk";58;TRUE;"983126570381426688"
"https://t.co/JYQ5XHARuB";2018-04-08 23:36:54;"saraada41511136";0;FALSE;"983126570104651776"
"Chi Ale. https://t.co/7FdZTFa6De";2018-04-08 23:36:54;"ivangonzalezveg";0;FALSE;"983126570071191552"
"RT @andibeth012: HELP ME<ed><U+00A0><U+00BD><ed><U+00B9><U+008F> *CHISPA* &amp; *NIGHT* DMPD BY POS SELFISH OWNER<ed><U+00A0><U+00BD><ed><U+00B8><U+00A1> Look at these PRECIOUS 1yo Pups<U+2764><U+FE0F>Super SWEET CONFUSED stuck in loud…";2018-04-08 23:36:54;"Severine5554";85;TRUE;"983126569727115264"
"https://t.co/D0TySiW6bN";2018-04-08 23:36:54;"benjochannon";0;FALSE;"983126569399889920"
"https://t.co/HUuvqQHS8H";2018-04-08 23:36:54;"moaaz23184";0;FALSE;"983126569320435712"
"RT @Mariam_baramawy: Saw this on Facebook and thought I’d share it with you here. https://t.co/EHqNpNwQns";2018-04-08 23:36:54;"sohandaelbereg";432;TRUE;"983126568708042752"
"Guh. https://t.co/kr0ldsUKxj";2018-04-08 23:36:54;"SummerLovetro";0;FALSE;"983126568372490241"
"Love <U+2764><U+FE0F> San Francisco! https://t.co/8EhGxrwdY6";2018-04-08 23:36:54;"famtravelforme";0;FALSE;"983126568221446144"
"https://t.co/ty1v24sAlQ";2018-04-08 23:36:54;"CHIQUIMARTINEZ_";0;FALSE;"983126568045367297"
"Facebook demands ID verification for big Pages, ‘issue’ ad buyers - https://t.co/hkVB30PgVx https://t.co/vlDC3VUv4e";2018-04-08 23:36:54;"DailyScene";0;FALSE;"983126567999197185"
"RT @McrMomentum: Hello to our new Tory followers from #Trafford council, we can’t wait to #Unseat you <ed><U+00A0><U+00BD><ed><U+00B8><U+0080><ed><U+00A0><U+00BD><ed><U+00B1><U+008B> See you next week @OwenJones84 #Tu…";2018-04-08 23:36:54;"sankarankoo";73;TRUE;"983126567684661248"
"RT @mhonividente: VIRGO. Semana de mucho trabajo y con planes de crecer mas económicamente pero ten cuidado con quien los realizas o trata…";2018-04-08 23:36:53;"Dianakaren_";6;TRUE;"983126567575470081"
"-Y eso que aún no empieza campaña. #GuardiánChiapas #MonitorPolítico https://t.co/nR7sztkTze";2018-04-08 23:36:53;"Ruben_Arres";0;FALSE;"983126567491592192"
"https://t.co/ffAAe3msMs";2018-04-08 23:36:53;"AleAlechu13";0;FALSE;"983126566992531456"
"https://t.co/Yo4Ok1SZ2m";2018-04-08 23:36:53;"alexisdjjauroso";0;FALSE;"983126566942146563"
"Adoro https://t.co/g9wIr1vzo0";2018-04-08 23:36:53;"ledinhasantos";0;FALSE;"983126566900260864"
"https://t.co/2zxmhW0XRy";2018-04-08 23:36:53;"tana_arola";0;FALSE;"983126566757634048"
"Traição como ela é... Leia até o final.

A gente tem na mente a ideia fixa de que a traição é somente o ato de se e… https://t.co/QagimPj7t9";2018-04-08 23:36:53;"cintialoura";0;FALSE;"983126566665379840"
"RT @Maree71439592: https://t.co/DcNKSrr5A3 
<ed><U+00A0><U+00BC><ed><U+00B6><U+0098>(5)Precious Souls<ed><U+00A0><U+00BC><ed><U+00B6><U+0098>
Urgently Need YOUR Help!
To Be Destroyed(4/9/18)
Adopt/Foster/Pledge/RT!!!!…";2018-04-08 23:36:53;"maceratedbanana";21;TRUE;"983126566455607296"
"https://t.co/ROlYCnsWDE";2018-04-08 23:36:53;"luneboca";0;FALSE;"983126566048845825"
"https://t.co/k6iGAjHhR7";2018-04-08 23:36:53;"DianArditianto";0;FALSE;"983126565897867265"
"RT @PeterAskin1: Two beautiful kitties at the #DevoreCA shelter have one more chance to live! They are black kitty Corfu and &amp; Chisum b…";2018-04-08 23:36:53;"M_Alesiro";77;TRUE;"983126565675511808"
"RT @wikileaks: Facebook hacked its users inboxes and covertly removed messages to them from its co-founder and CEO, Mark Zuckerberg https:/…";2018-04-08 23:36:53;"tatreeves63";2315;TRUE;"983126565629386752"
"The amount of stupidity posted on Facebook seriously is exhausting at times. https://t.co/m78zTqnkkF";2018-04-08 23:36:53;"_abixel";0;FALSE;"983126565365182464"
"Nuestra energía se reunía cada noche  en el espacio a hacer el amor ...
Era inevitable sentir al pasar de los meses… https://t.co/QoElanbQ25";2018-04-08 23:36:53;"lulaweed";0;FALSE;"983126565302210561"
"Clinton Avent https://t.co/gCegrRIKaT";2018-04-08 23:36:53;"PayLocxHomage";0;FALSE;"983126564845113344"
"RT @NicolleDWallace: This is incredible. The audacity of Facebook is shocking: ‘You Are the Product’: Targeted by Cambridge Analytica on Fa…";2018-04-08 23:36:53;"russfish53";179;TRUE;"983126564790353920"
"RT @foxandfriends: When we signed up with Facebook they didn't say this platform was only for liberal views -@DiamondandSilk slam Faceboo…";2018-04-08 23:36:53;"BettyWO1966";2415;TRUE;"983126564664741888"
"RT @NamiKim_DogsSK: #SaveKoreanDogs our #SuccessStories 

We are in love with our family's newest addition (Luki). We named him Sohda afte…";2018-04-08 23:36:53;"LishaMosure";46;TRUE;"983126564408705024"
"https://t.co/j048mw6d3t";2018-04-08 23:36:53;"darionavax";0;FALSE;"983126564379545600"
"https://t.co/nwd1on8sw1";2018-04-08 23:36:53;"JoeCarswellJr";0;FALSE;"983126564060696576"
"Vitória também do Juvenil Feminino! Parabéns meninas e comissão técnica!

Esporte Clube Pinheiros https://t.co/7Ka4UQyEsU";2018-04-08 23:36:53;"ecphandebol";0;FALSE;"983126563943276545"
"RT @HEAVEN_OFC: Fam. Like and Comment 

LINK: https://t.co/Ogj0XIjIES

<ed><U+00A0><U+00BD><ed><U+00B3><U+00B8> @ABSCBN FB Post https://t.co/vzM1gF0aV7";2018-04-08 23:36:52;"kdramamomshie";1;TRUE;"983126563037200389"
"Facebook suspends another data analytics firm after CNBC discovers tactics like Cambridge Analytica https://t.co/jKlNvYoWMk";2018-04-08 23:36:52;"MuchScrolling";0;FALSE;"983126562949255168"
"RT @V_of_Europe: Facebook threatens Voice of Europe for criticising migration https://t.co/pq1o9e1dkj";2018-04-08 23:36:52;"PamelaHaskell7";1740;TRUE;"983126562944966662"
"https://t.co/PHK1WFEAyX";2018-04-08 23:36:52;"iae_s2";0;FALSE;"983126562198441984"
"https://t.co/HbKeqc6224";2018-04-08 23:36:52;"terrysphoto";0;FALSE;"983126562026422272"
"Our fifth Cinderella’s Closet is in the books.  Congratulations to our committee members for putting on a very succ… https://t.co/mUHKdpBjgy";2018-04-08 23:36:52;"jlpoughkeepsie";0;FALSE;"983126562018119682"
"RT @jihadwatchRS: Facebook bans historian for saying “Islam is not part of German history, but the defense against Islam” https://t.co/OjjH…";2018-04-08 23:36:52;"jeangalvanonly";69;TRUE;"983126561875480576"
"RT @DasLutas: Nota da ASFAP/BA sobre as recentes violações aos direitos dos presos.

** Solicitamos a Secretaria Estadual de Administração…";2018-04-08 23:36:52;"NaTransversal";2;TRUE;"983126561586114561"
"RT @Paluski01: Fala galera, AGORA É FINAL!!!! Abre o link abaixo e vota em mim(ANDRÉ) clicando na foto e me ajudem a ganhar essa disputa, l…";2018-04-08 23:36:52;"Zanardinii";4;TRUE;"983126561506447360"
"I posted a new video to Facebook https://t.co/4EX0oq5kds";2018-04-08 23:36:52;"wilpmoura";0;FALSE;"983126560772382720"
"https://t.co/IYWTpXyCXo";2018-04-08 23:36:52;"fabriciof97";0;FALSE;"983126560365477888"
"RT @moonsich: <U+C774><U+C7AC><U+C120><U+C528> <U+B538> <U+C774><U+C8FC><U+C601> <U+D398><U+BD81>
2012<U+B144> <U+B2F9><U+C2DC> <U+C544><U+BC84><U+C9C0><U+B97C> <U+AC15><U+C81C><U+C785><U+C6D0> <U+C2DC><U+D0A4><U+AE30> <U+C704><U+D574> <U+C544><U+BC84><U+C9C0> <U+AC15><U+C81C><U+C785><U+C6D0><U+AC74><U+C744> <U+AD6C><U+B450><U+B85C> <U+BA85><U+B839><U+D558><U+C154><U+C11C> <U+C758><U+C0AC><U+C640> <U+BD84><U+B2F9><U+BCF4><U+AC74><U+C18C><U+C7A5><U+C758> <U+B3D9><U+C758><U+B97C> <U+C5BB><U+C73C><U+B824> <U+D588><U+C744> <U+B54C>, <U+AC70><U+BD80><U+D588><U+B358> <U+B2F9><U+C2DC> <U+BD84><U+B2F9><U+BCF4><U+AC74><U+C18C><U+C7A5><U+C744> <U+B2E4><U+B978> <U+ACF3><U+C73C><U+B85C> <U+C790><U+B9AC><U+B97C> <U+C62E><U+AE30><U+AC8C> <U+D588><U+B358> <U+C810><U+C5D0>…";2018-04-08 23:36:52;"hoojoo72";8;TRUE;"983126559648198661"
"Full scan of my bodega illustration coming tomorrow!.
.
.
  #faneshafabre #art #illustration #drawing #photography… https://t.co/k1hlPVCqzJ";2018-04-08 23:36:52;"FaneshaFabre";0;FALSE;"983126559547641857"
"YOPAL, AQUÍ VAMOS!!! https://t.co/WBdPjVkgWb";2018-04-08 23:36:51;"ConcuerpoYmov";0;FALSE;"983126559165960192"
"RT @usacsmret: Two Trump-Supporting Black Women Reportedly Deemed &amp;#8216;Unsafe to Community&amp;#8217; by Facebook https://t.co/oWdwSNtRGO";2018-04-08 23:36:51;"Barbara72468224";12;TRUE;"983126558943694848"
"https://t.co/JRM177fK5D";2018-04-08 23:36:51;"RichSyndicat";0;FALSE;"983126558859780096"
"RT @sammontgomery: Facebook vs Twitter https://t.co/wRwWP5ok0K";2018-04-08 23:36:51;"mnoellewilliams";92;TRUE;"983126558725541888"
"RT @mhonividente: LIBRA. Semana de estar preparando ya los cambios en tu vida personal o comenzar una nueva etapa de tu vida de pareja  rec…";2018-04-08 23:36:51;"Dianakaren_";4;TRUE;"983126558641602562"
"https://t.co/l4qoFHGcwY";2018-04-08 23:36:51;"Klejane";0;FALSE;"983126557777629185"
"RT @obrienoia: tem facebook";2018-04-08 23:36:51;"ljoohxeon";999;TRUE;"983126557756715008"
"RT @michaelzimmer: My unpublished op-ed on #Facebook is one sentence long: 

“I’ve been studying Facebook and privacy for over 10 years, an…";2018-04-08 23:36:51;"sparkyfirepants";113;TRUE;"983126557681008640"
"Será que os gênios da lâmpada são tontos ou somos nós que não sabemos definir bem o que queremos? Triste o que vou… https://t.co/J4BMlDojDE";2018-04-08 23:36:51;"agustdiboy";0;FALSE;"983126557643460608"
"RT @wikileaks: Everytime you read the @Guardian, which been castigating Facebook over data collection, it covertly sends your data to 58 tr…";2018-04-08 23:36:51;"ComradeMcCarthy";2096;TRUE;"983126557383262208"
"https://t.co/6oBmhAwpTP";2018-04-08 23:36:51;"pietrocoxinha";0;FALSE;"983126557249163264"
"The list is full but you can still sign up on reserve. #Iwantoslam. Post it in The KMAC Poetry Slam event page. https://t.co/7Lpm07N2NN";2018-04-08 23:36:51;"Maxwellsounds";0;FALSE;"983126557148565504"
"The REAL breakup song. https://t.co/tZkNV65Vi6";2018-04-08 23:36:51;"BlacPhantom2";0;FALSE;"983126557131792384"
"https://t.co/rDoVknbiTn";2018-04-08 23:36:51;"vivitaloyola";0;FALSE;"983126556951433216"
"RT @CadeFoehner: ITS SUNDAY! First off Happy Lord’s day!Please don’t forget to watch @AmericanIdol tonight to see what I did to make Katy P…";2018-04-08 23:36:51;"nashaetuomey";14;TRUE;"983126556750090240"
"https://t.co/sxfVvaWbT9";2018-04-08 23:36:51;"carles1205";0;FALSE;"983126556083150848"
"RT @mchiaverano: [INFORME DE PRENSA] <ed><U+00A0><U+00BD><ed><U+00B3><U+0084> #TCPistaMOURAS

LLUVIA DE GLORIA:

Nota completa acá <ed><U+00A0><U+00BD><ed><U+00B1><U+0087>
https://t.co/Xff77gQ8bA

PRENSA: @mtintegralp…";2018-04-08 23:36:51;"1995BoedoSL";2;TRUE;"983126555974086657"
"So I’ve been napping on and off all day without really talking to anybody when I was awake. This guy proceeds to po… https://t.co/gl0l4j4VAH";2018-04-08 23:36:51;"arianaolalde97";0;FALSE;"983126555902840832"
"RT @Mark_Strate1: Fun Fact: Every 4 seconds a woman over 40 is divorcing and claiming her independence on Facebook. @absrdNEWS";2018-04-08 23:36:51;"absrdNEWS";2;TRUE;"983126555449704449"
"https://t.co/5raPrM34ju";2018-04-08 23:36:51;"WSDG";0;FALSE;"983126555248513024"
"Thanks to First Congregational Church of Chicopee, Ma. for joining us for a chilly evening.  Your ziti was deliciou… https://t.co/46bhIAQpIE";2018-04-08 23:36:51;"CathedralNight";0;FALSE;"983126555189800960"
"https://t.co/CRquW68XiS";2018-04-08 23:36:51;"yefrileander";0;FALSE;"983126555152011264"
"RT @TalismanJohnnyA: #ACDC #facebook Fan Page

https://t.co/Cpc1kuuond

#BonScott #Axl #AxlRose #GNR #GunsNRoses #AngusYoung #Hardrock #Bri…";2018-04-08 23:36:50;"TalismanJohnnyA";1;TRUE;"983126554531258368"
"https://t.co/W40wg8HUWf";2018-04-08 23:36:50;"permanent_lady";0;FALSE;"983126554451603456"
"https://t.co/cQAybZFlsN";2018-04-08 23:36:50;"vilsonol";0;FALSE;"983126554032173056"
"RT @mhonividente: LEO, Semana de estar muy preocupado por tu bienestar económico y decides ya tomar una decisión de adminístrate mas y ya p…";2018-04-08 23:36:50;"yosshi_pchk";6;TRUE;"983126553465901056"
"RT @DolarToday: ¡UNA JOYITA! Exconcejal chavista Richard Peñalver, pistolero del Puente Llaguno, pidió asilo en España #TeamHDP https://t.c…";2018-04-08 23:36:50;"A_Rodriguez_15";61;TRUE;"983126553297960960"
"https://t.co/HKakOBG8Mp";2018-04-08 23:36:50;"TarzanDuque";0;FALSE;"983126553075863553"
"https://t.co/pfNk2IIden";2018-04-08 23:36:50;"GullahGuySouth";0;FALSE;"983126553046536192"
"RT @mhonividente: ESCORPION. Semana de pensar en crecer mas en tu vida profesional y buscar nuevas oportunidades de trabajo pero recuerda q…";2018-04-08 23:36:50;"Dianakaren_";4;TRUE;"983126552467521537"
"RT @TM_SHINeeArg: [Instagram] 180408 Actualización de Downtown Dubai con @SHINee https://t.co/5OWV7kbL4A

Cr.: https://t.co/EIeJOFXonu | Ví…";2018-04-08 23:36:50;"Nightmare_grape";2;TRUE;"983126552425779200"
"Mi negrooo<ed><U+00A0><U+00BD><ed><U+00B8><U+008C><ed><U+00A0><U+00BD><ed><U+00B2><U+00AA><ed><U+00A0><U+00BD><ed><U+00B8><U+00A2> https://t.co/utJasw5pUP";2018-04-08 23:36:50;"Miluvelazco2";0;FALSE;"983126552367042560"
"https://t.co/TLwy6dxgeT";2018-04-08 23:36:50;"mustangjenny328";0;FALSE;"983126552190824449"
"Non si può comprendere il cardiopalma indescrivibile...brava Anna Trieste <ed><U+00A0><U+00BD><ed><U+00B8><U+0082> https://t.co/4jIWxV6omW";2018-04-08 23:36:50;"Giank_Russo";0;FALSE;"983126551242911744"
"https://t.co/EkjIwyqmJp";2018-04-08 23:36:49;"Prison_Talk";0;FALSE;"983126550806745088"
"https://t.co/ICQgkfa7ai";2018-04-08 23:36:49;"OmarSal02328023";0;FALSE;"983126550567628800"
"RT @ThaiPBS: <U+0E28><U+0E1E><U+0E17><U+0E35><U+0E48> 3 <U+0E14>.<U+0E0D>.<U+0E01><U+0E33><U+0E2B><U+0E07><U+0E31><U+0E19> <U+0E41><U+0E0B><U+0E48><U+0E25><U+0E35><U+0E49> <U+0E0B><U+0E35><U+0E2D><U+0E38><U+0E22><U+0E23><U+0E31><U+0E1A><U+0E2A><U+0E32><U+0E23><U+0E20><U+0E32><U+0E1E><U+0E27><U+0E48><U+0E32><U+0E2D><U+0E38><U+0E49><U+0E21><U+0E40><U+0E14><U+0E47><U+0E01><U+0E2B><U+0E0D><U+0E34><U+0E07><U+0E04><U+0E19><U+0E2B><U+0E19><U+0E36><U+0E48><U+0E07><U+0E41><U+0E25><U+0E30><U+0E43><U+0E0A><U+0E49><U+0E21><U+0E35><U+0E14><U+0E41><U+0E17><U+0E07><U+0E04><U+0E2D> <U+0E15><U+0E31><U+0E14><U+0E40><U+0E09><U+0E37><U+0E2D><U+0E19><U+0E40><U+0E19><U+0E37><U+0E49><U+0E2D><U+0E17><U+0E35><U+0E48><U+0E04><U+0E2D><U+0E44><U+0E1B><U+0E2B><U+0E19><U+0E36><U+0E48><U+0E07><U+0E01><U+0E49><U+0E2D><U+0E19>
.. <U+0E0A><U+0E21><U+0E2A><U+0E14> https://t.c…";2018-04-08 23:36:49;"realananyoch";716;TRUE;"983126550496227328"
"Retweeted Julio M Oliveira (@JMarcelo1000):

Contra todas as dificuldades, a Lava Jato avança. Se o STF já tivesse… https://t.co/hbOB7kEJAI";2018-04-08 23:36:49;"emenezes";0;FALSE;"983126549997150208"
"https://t.co/im6eOImmR9";2018-04-08 23:36:49;"carolynfields1";0;FALSE;"983126549942751235"
"RT @RealJamesWoods: I predict that @facebook will be studied in future business schools as the single greatest business catastrophe in Amer…";2018-04-08 23:36:49;"EmoryEverett2";5237;TRUE;"983126549800128512"
"RT @59hozer: Lütfen herkes sadece RT yaparak paylassin. 
#TümTürkiyeDuysun 
Eylül Bebek #ACIL Kalp Nakli Bekliyor 
Minik Eylül Ege Üniversi…";2018-04-08 23:36:49;"bielsa05";32;TRUE;"983126549460381697"
"RT @LilFiji216: when young thug said I feel like Facebook I felt that";2018-04-08 23:36:49;"danielaaa_f";1;TRUE;"983126549275774977"
"Here's the info I was just telling you about. 
Mel x 
His Royal Highness The Prince of Wales will touch down in the… https://t.co/aGJNwAosSh";2018-04-08 23:36:49;"TerritoryFM";0;FALSE;"983126549204369408"
"RT @dbongino: The social media totalitarians continue their disturbing leap into far-left radicalism. No non-conforming, non-liberal, voice…";2018-04-08 23:36:49;"Diehlscove";1207;TRUE;"983126549175128064"
"<U+0643><U+064E><U+0630><U+064E><U+0651><U+0628><U+064E><U+062A><U+0652> <U+0642><U+064E><U+0648><U+0652><U+0645><U+064F> <U+0644><U+064F><U+0648><U+0637><U+064D> <U+0627><U+0644><U+0652><U+0645><U+064F><U+0631><U+0652><U+0633><U+064E><U+0644><U+0650><U+064A><U+0646><U+064E> (160) <U+0625><U+0650><U+0630><U+0652> <U+0642><U+064E><U+0627><U+0644><U+064E> <U+0644><U+064E><U+0647><U+064F><U+0645><U+0652> <U+0623><U+064E><U+062E><U+064F><U+0648><U+0647><U+064F><U+0645><U+0652> <U+0644><U+064F><U+0648><U+0637><U+064C> <U+0623><U+064E><U+0644><U+064E><U+0627> <U+062A><U+064E><U+062A><U+064E><U+0651><U+0642><U+064F><U+0648><U+0646><U+064E> (161) <U+0625><U+0650><U+0646><U+0650><U+0651><U+064A> <U+0644><U+064E><U+0643><U+064F><U+0645><U+0652>… https://t.co/s0QW4HhIZq";2018-04-08 23:36:49;"sultanobiedat";0;FALSE;"983126549170966528"
"WrestleMania https://t.co/VxIHNoXkUL";2018-04-08 23:36:49;"JDean330";0;FALSE;"983126548990619648"
"https://t.co/yM5FldBC5F";2018-04-08 23:36:49;"me_say_so";0;FALSE;"983126548944482304"
"Pues no le quedó de otra, https://t.co/3MNoIVQCo2";2018-04-08 23:36:49;"ElPortalMx";0;FALSE;"983126548898168832"
"https://t.co/AAuaYmXRco";2018-04-08 23:36:49;"lucas_07ll";0;FALSE;"983126548839567361"
"Megapolis https://t.co/PbkgoSVVRE";2018-04-08 23:36:49;"musicapentatoni";0;FALSE;"983126548793516032"
"https://t.co/Ya5vlh1ZpT";2018-04-08 23:36:49;"jorantolin";0;FALSE;"983126548558569473"
"RT @AAbdelar_A: <U+0623><U+0634><U+0648><U+0641> <U+0648><U+0634><U+0643><U+0645> <U+0639><U+0644><U+064A> <U+062E><U+064A><U+0631>
<U+0623><U+064A><U+0645><U+0646> <U+0646><U+0648><U+0631> <U+0641><U+0635><U+0644><U+0646><U+064A> <U+0645><U+0646> <U+0642><U+0646><U+0627><U+0629> <U+0627><U+0644><U+0634><U+0631><U+0642>
<U+0623><U+0645><U+0633> <U+0623><U+0639><U+0644><U+0646> <U+0623><U+062D><U+0645><U+062F> <U+0645><U+0648><U+0633><U+0649> <U+0641><U+064A> <U+0628><U+0631><U+0646><U+0627><U+0645><U+062C><U+0647> <U+0639><U+0644><U+0649> <U+0642><U+0646><U+0627><U+0629> <U+0635><U+062F><U+0649> <U+0627><U+0644><U+0628><U+0644><U+062F> <U+0623><U+0646> <U+0623><U+064A><U+0645><U+0646> <U+0646><U+0648><U+0631> <U+0642><U+0627><U+0645> <U+0628><U+0625><U+0644><U+063A><U+0627><U+0621> <U+0628><U+0631><U+0646><U+0627>…";2018-04-08 23:36:49;"samykamaleldeen";1;TRUE;"983126548462129153"
"https://t.co/cZ2yzeP8Dy";2018-04-08 23:36:49;"samblues66";0;FALSE;"983126547627495424"
"<U+0E1D><U+0E32><U+0E01><U+0E1E><U+0E35><U+0E48><U+0E40><U+0E04><U+0E23><U+0E32><U+0E02><U+0E2D><U+0E07><U+0E1E><U+0E27><U+0E01><U+0E40><U+0E23><U+0E32><U+0E44><U+0E27><U+0E49><U+0E43><U+0E19><U+0E2D><U+0E49><U+0E2D><U+0E21><U+0E43><U+0E08><U+0E41><U+0E1F><U+0E19><U+0E46> MotoGP <U+0E17><U+0E38><U+0E01><U+0E04><U+0E19><U+0E43><U+0E19><U+0E44><U+0E17><U+0E22><U+0E14><U+0E49><U+0E27><U+0E22><U+0E19><U+0E30><U+0E04><U+0E23><U+0E31><U+0E0A><U+0E0A><U+0E0A> <U+0E23><U+0E31><U+0E01><U+0E1E><U+0E35><U+0E48><U+0E40><U+0E04><U+0E23><U+0E32><U+0E19><U+0E49><U+0E2D><U+0E22><U+0E46> <U+0E41><U+0E15><U+0E48><U+0E02><U+0E2D><U+0E43><U+0E2B><U+0E49><U+0E23><U+0E31><U+0E01><U+0E19><U+0E32><U+0E19><U+0E46><U+0E19><U+0E30><U+0E04><U+0E23><U+0E31><U+0E0A><U+0E0A><U+0E0A> <U+0E41><U+0E25><U+0E49><U+0E27><U+0E1E><U+0E35><U+0E48><U+0E40><U+0E04><U+0E23>… https://t.co/pKEIWwLbC7";2018-04-08 23:36:49;"Thananuwat";0;FALSE;"983126547266768897"
"RT @MashiRafael: Gracias a todos.<ed><U+00A0><U+00BD><ed><U+00B8><U+008A>
https://t.co/I0sOQqySEW";2018-04-08 23:36:49;"Magdale75606788";397;TRUE;"983126547195486208"
"https://t.co/wTpbGWFaHb";2018-04-08 23:36:49;"BluChipVideo";0;FALSE;"983126546872496128"
"Padi Sea Diving Seal training. https://t.co/ypEzCdR0xG";2018-04-08 23:36:49;"tiger501a";0;FALSE;"983126546847227904"
"Get your signs soon! Renslow4Rep......District 3!  Mine will be going up April 9th too! #District3 #LakeStation… https://t.co/E2IsV93WvC";2018-04-08 23:36:49;"4georgia5";0;FALSE;"983126546797027329"
"Regrann from @jermelhoward  -  Ok we are almost here... Trailer time... this movie is gonna be craaazyy,  my first… https://t.co/ptByAfZhP6";2018-04-08 23:36:48;"RealRebelBlack";0;FALSE;"983126546583048192"
"RT @giopabualan: They say I cant but I did <ed><U+00A0><U+00BD><ed><U+00B1><U+00A8><ed><U+00A0><U+00BC><ed><U+00BF><U+00BC><U+200D><ed><U+00A0><U+00BC><ed><U+00BE><U+0093> 

(The message is on facebook) 
Thank you <ed><U+00A0><U+00BD><ed><U+00B8><U+0085>

Getting special awards are so memorable. <ed><U+00A0><U+00BD><ed><U+00B1><U+008C><ed><U+00A0><U+00BC><ed><U+00BF><U+00BC>
At…";2018-04-08 23:36:48;"TEAM_FEU";1;TRUE;"983126545928568833"
"https://t.co/qNYUogP9Cb";2018-04-08 23:36:48;"hhmhilliard";0;FALSE;"983126545844744193"
"https://t.co/QSqDv3Iely";2018-04-08 23:36:48;"EbenezerNeto";0;FALSE;"983126545379323904"
"<U+0627><U+0644><U+0637><U+0641><U+0644><U+0647> <U+062C><U+0648><U+062F><U+064A> <U+062A><U+0647><U+0632> <U+0628><U+0643><U+0644><U+0645><U+0627><U+062A><U+0647><U+0627> <U+0648><U+062C><U+062F><U+0627><U+0646> <U+0627><U+0644><U+0639><U+0627><U+0644><U+0645>..

<U+062C><U+0648><U+062F><U+064A> <U+0646><U+062A><U+0627><U+062C> <U+0641><U+0643><U+0631> <U+0645><U+0642><U+0627><U+0648><U+0645> <U+0643><U+0631><U+0633><U+062A><U+0647> <U+0648><U+0627><U+0644><U+062F><U+062A><U+0647><U+0627> <U+062E><U+0644><U+0627><U+0644> <U+0633><U+0646><U+064A><U+0646> <U+0627><U+0644><U+0623><U+0633><U+0631>
<U+062C><U+0648><U+062F><U+064A> <U+0648><U+0648><U+0627><U+0644><U+062F><U+062A><U+0647><U+0627> <U+0645><U+062B><U+0627><U+0644> <U+0644><U+0644><U+0634><U+0639><U+0628>… https://t.co/XIrH3Qz9DM";2018-04-08 23:36:48;"jableh_1";0;FALSE;"983126545123360768"
"RT @rosiedoc666: <U+274C> #MissingPerson <U+274C>
James Laidlow known as Jimmy <ed><U+00A0><U+00BC><ed><U+00B6><U+0098>
5'7 medium build grey/white hair went from #Newburn area  6/9th March 20…";2018-04-08 23:36:48;"db778707e2a34d2";4;TRUE;"983126544758575104"
"https://t.co/L7Ongukozn";2018-04-08 23:36:48;"Panchokibobae";0;FALSE;"983126544661934080"
"https://t.co/ui5MqfnxAT";2018-04-08 23:36:48;"larimscarvalho";0;FALSE;"983126544397680640"
"Esta es la clase de persona que es lopez. Vale la pena recordar este momento con @JoseCardenas1 Opiniones https://t.co/aqNAOKKNCj";2018-04-08 23:36:48;"JesusMartinMx";0;FALSE;"983126544066396160"
"https://t.co/D11c5X9VUE";2018-04-08 23:36:48;"unrealtravis";0;FALSE;"983126543919611904"
"https://t.co/bw9ZvQX1D9";2018-04-08 23:36:48;"ZLlandel15";0;FALSE;"983126543911268352"
"<ed><U+00A0><U+00BD><ed><U+00B8><U+00B3><ed><U+00A0><U+00BD><ed><U+00B8><U+0082><ed><U+00A0><U+00BD><ed><U+00B8><U+008D> https://t.co/hCbPdwFyvk";2018-04-08 23:36:48;"lovelyesc";0;FALSE;"983126543567413248"
"https://t.co/TnAQnC8yRu";2018-04-08 23:36:48;"Radha_R17";0;FALSE;"983126543567175680"
"https://t.co/IhTcbajtSo";2018-04-08 23:36:48;"LADanceCentral";0;FALSE;"983126543059824640"
"RT @sportbible: He's been involved in the main event six times before but this year John Cena is sat at Wrestlemania with the fans <ed><U+00A0><U+00BD><ed><U+00B1><U+008F><ed><U+00A0><U+00BC><ed><U+00BF><U+00BC>

He's…";2018-04-08 23:36:48;"jordie_DCFC_";11;TRUE;"983126542967607296"
"Are these guys actually confessing how many people they have slept with to the entire church? Crazy. https://t.co/8wlR36cbuD";2018-04-08 23:36:48;"pastorcharlesc";0;FALSE;"983126542728515585"
"https://t.co/ytzGRojHyk";2018-04-08 23:36:48;"kenissonmelo";0;FALSE;"983126542707544065"
"https://t.co/zjd7PtcxQV";2018-04-08 23:36:48;"KeepYourTalk";0;FALSE;"983126542560710656"
"RT @realDailyWire: Facebook Deems Pro-Trump Diamond And Silk 'Unsafe To Community' https://t.co/L8GwDO3xTu";2018-04-08 23:36:47;"ricardomvet";148;TRUE;"983126542191661057"
"Please LIKE my fashion page @ https://t.co/xBIVjtB9SO";2018-04-08 23:36:47;"hanakomiyo";0;FALSE;"983126542132719616"
"Novos territórios https://t.co/PynUm1CM5g";2018-04-08 23:36:47;"musicapentatoni";0;FALSE;"983126542078435328"
"https://t.co/NP3gufRuMJ";2018-04-08 23:36:47;"lilkotk1";0;FALSE;"983126542053183488"
"https://t.co/Cw8mOuYmAo";2018-04-08 23:36:47;"jacojoubertxjx";0;FALSE;"983126541889654784"
"https://t.co/D3oJewuWD6";2018-04-08 23:36:47;"zionbrown";0;FALSE;"983126541822513153"
"This fcking facebook admins ruined our generation. Lol wtf were not all the same , fiction books also ruined their… https://t.co/nyIFcJlkZj";2018-04-08 23:36:47;"Sir_YosoMasyado";0;FALSE;"983126541608468480"
"RT @mhonividente: SAGITARIO. Semana de organizar tu vida y realizar tus objetivos laboral recuerda amigo de sagitario que estás en tu tiemp…";2018-04-08 23:36:47;"Dianakaren_";4;TRUE;"983126541532983296"
"https://t.co/SCNH9Bg9vZ";2018-04-08 23:36:47;"JeanClevis";0;FALSE;"983126540371267585"
"Uma das melhores propaganda de cerveja que um humano já produziu https://t.co/Xf7BZFKLUJ";2018-04-08 23:36:47;"pinheirojazz";0;FALSE;"983126540325216256"
"OMG <U+2764><U+FE0F><U+2764><U+FE0F><U+2764><U+FE0F><U+2764><U+FE0F> https://t.co/ie7iuy4nwQ";2018-04-08 23:36:47;"FarahMohamed512";0;FALSE;"983126540232912896"
"https://t.co/6JDaLHG9dC";2018-04-08 23:36:47;"tjkphotos";0;FALSE;"983126540002226177"
"RT @FoxNews: Cambridge Analytica whistleblower thinks Facebook data breach affected more users than reported https://t.co/HAAbSOQ5oZ";2018-04-08 23:36:47;"BarbaraLafranc2";197;TRUE;"983126539960225793"
"Apostolos Gonzalez https://t.co/rGd0G9deKX";2018-04-08 23:36:47;"frankdvorak";0;FALSE;"983126539029155841"
"Intraceuticals Mother’s Day Competition: TERMS &amp; CONDITIONS OF ENTRY https://t.co/ZbBW9Xd0ob";2018-04-08 23:36:47;"intraceuticals";0;FALSE;"983126539016392704"
"Happy girls <ed><U+00A0><U+00BD><ed><U+00B8><U+0080> https://t.co/3Ko8u076mS";2018-04-08 23:36:47;"ZinergyIntl";0;FALSE;"983126538781712384"
"https://t.co/QbEeEjmQEP";2018-04-08 23:36:47;"EraldoSilva11";0;FALSE;"983126538764865536"
"Painting Party: Tuesday at 3:30! It's time to paint the fellowship hall. If you're available, meet at the church th… https://t.co/WO2MgnfOAL";2018-04-08 23:36:47;"StThomasCville";0;FALSE;"983126538462908416"
"https://t.co/fVMTNTw32Z";2018-04-08 23:36:47;"LuisGames_YT";0;FALSE;"983126538379055104"
"RT @konekono_heya: <U+3010>#<U+732B><U+306E><U+8B72><U+6E21><U+4F1A><U+4E00><U+89A7>~2018<U+5E74>4<U+6708>14<U+65E5><U+3011>
<U+25CF>4<U+6708>14<U+65E5>(<U+571F>)
<U+5834><U+6240>:<U+6771><U+4EAC><U+90FD><U+677F><U+6A4B><U+533A><U+5357><U+5E38><U+76E4><U+53F0>1-14-9
<U+4F1A><U+5834>:<U+30A2><U+30CB><U+30DB><U+30B9>
<U+6642><U+9593>:9<U+6642>~16<U+6642><U+534A>
#<U+95A2><U+6771>·<U+732B><U+306E><U+8B72><U+6E21><U+4F1A>·4<U+6708>14<U+65E5>

#<U+8B72><U+6E21><U+4F1A> #<U+91CC><U+89AA><U+4F1A> #<U+91CC><U+89AA><U+52DF><U+96C6> #<U+732B>
<U+2731><U+8A73><U+7D30><U+279C>https://t…";2018-04-08 23:36:46;"MAKE_UP_MODERS";2;TRUE;"983126537917448192"
"https://t.co/RbD9gLzFi7";2018-04-08 23:36:46;"pablosimeiffern";0;FALSE;"983126537871544320"
"Yo merengues :v https://t.co/p93TAwFeaM";2018-04-08 23:36:46;"RichardSkwaffle";0;FALSE;"983126537460477952"
"https://t.co/KUvvr1mx13";2018-04-08 23:36:46;"RoqueMikel";0;FALSE;"983126536768442368"
"RT @RealJamesWoods: I predict that @facebook will be studied in future business schools as the single greatest business catastrophe in Amer…";2018-04-08 23:36:46;"dwofford63";5237;TRUE;"983126536684322816"
"RT @DolarToday: ¡MISIÓN CUMPLIDA! Venezuela se queda aislada #TeamHDP https://t.co/CCb4kEkEKm";2018-04-08 23:36:46;"CarlosAngel60";10;TRUE;"983126536499945472"
"https://t.co/G5M8RPbx3V";2018-04-08 23:36:46;"MrsRed_Bone17";0;FALSE;"983126536403472384"
"<ed><U+00A0><U+00BD><ed><U+00B8><U+0085><ed><U+00A0><U+00BD><ed><U+00B8><U+00A3><ed><U+00A0><U+00BD><ed><U+00B8><U+0092> https://t.co/cdGVt1eKan";2018-04-08 23:36:46;"prestameunalana";0;FALSE;"983126536390881280"
"https://t.co/xoK7Hl6wgo";2018-04-08 23:36:46;"bassimeldsoky";0;FALSE;"983126535933702145"
"<ed><U+00A0><U+00BD><ed><U+00B8><U+008D><ed><U+00A0><U+00BD><ed><U+00B8><U+008D><ed><U+00A0><U+00BD><ed><U+00B8><U+008D> https://t.co/IxjuOESLrM";2018-04-08 23:36:46;"APettyQueen";0;FALSE;"983126535812059136"
"https://t.co/B74PCNGxT9";2018-04-08 23:36:46;"lyricxix";0;FALSE;"983126535317213184"
"https://t.co/0QCFTAKSuG";2018-04-08 23:36:46;"PMCallaghan";0;FALSE;"983126535086452739"
"https://t.co/xAERJeDGmn";2018-04-08 23:36:46;"MickPopp";0;FALSE;"983126534494932992"
"RT @Krug4COSchools: Introducing a pro-public education candidate for Colorado’s State Board of Education CD-4.
Supports: students, teachers…";2018-04-08 23:36:46;"HanneMiz";47;TRUE;"983126534339739648"
"https://t.co/8MKHcZhoYm";2018-04-08 23:36:46;"eduardo_ilha";0;FALSE;"983126534314708992"
